date,AQI,÷ ¡øµ»º∂,PM2.5,PM10,SO2,CO,NO2,O3_8h
2014-01-01,159,÷–∂»Œ€»æ,121,192,57,1.9,73,47
2014-01-02,171,÷–∂»Œ€»æ,129,192,52,1.9,73,47
2014-01-03,136,«·∂»Œ€»æ,104,166,44,1.5,60,56
2014-01-04,93,¡º,70,130,46,1.1,39,58
2014-01-05,132,«·∂»Œ€»æ,101,167,44,1.5,55,73
2014-01-06,137,«·∂»Œ€»æ,105,161,44,1.3,53,54
2014-01-07,126,«·∂»Œ€»æ,96,116,26,1.5,42,34
2014-01-08,109,«·∂»Œ€»æ,82,92,18,1.8,40,19
2014-01-09,101,«·∂»Œ€»æ,76,90,29,1.4,34,42
2014-01-10,68,¡º,50,71,32,1,31,39
2014-01-11,44,”≈,31,34,14,0.9,24,33
2014-01-12,56,¡º,40,51,17,1,27,36
2014-01-13,107,«·∂»Œ€»æ,81,105,31,1.2,38,43
2014-01-14,161,÷–∂»Œ€»æ,123,161,38,1.5,41,44
2014-01-15,118,«·∂»Œ€»æ,89,113,36,1.1,32,64
2014-01-16,107,«·∂»Œ€»æ,80,120,42,1.2,50,57
2014-01-17,101,«·∂»Œ€»æ,76,116,35,1.1,48,74
2014-01-18,151,÷–∂»Œ€»æ,116,158,47,1.2,37,64
2014-01-19,196,÷–∂»Œ€»æ,147,210,58,1.7,64,76
2014-01-20,119,«·∂»Œ€»æ,90,153,31,1,41,66
2014-01-21,83,¡º,40,115,32,0.7,27,48
2014-01-22,73,¡º,51,96,39,0.8,40,59
2014-01-23,114,«·∂»Œ€»æ,86,138,38,1.3,58,64
2014-01-24,113,«·∂»Œ€»æ,86,143,34,1.6,57,72
2014-01-25,196,÷–∂»Œ€»æ,147,225,43,1.8,53,72
2014-01-26,205,÷ÿ∂»Œ€»æ,155,222,47,1.7,46,62
2014-01-27,131,«·∂»Œ€»æ,100,146,29,1.3,44,58
2014-01-28,158,÷–∂»Œ€»æ,121,169,22,1.4,41,58
2014-01-29,177,÷–∂»Œ€»æ,134,173,33,1.6,42,43
2014-01-30,261,÷ÿ∂»Œ€»æ,211,267,45,2.2,39,69
2014-01-31,335,—œ÷ÿŒ€»æ,285,359,57,2,34,81
2014-02-01,76,¡º,55,83,16,0.9,21,98
2014-02-02,97,¡º,72,104,13,1.2,25,92
2014-02-03,98,¡º,73,132,17,1.6,23,54
2014-02-04,57,¡º,24,65,17,0.7,16,33
2014-02-05,31,”≈,22,31,14,0.7,17,33
2014-02-06,10,”≈,7,9,9,0.8,16,18
2014-02-07,21,”≈,13,21,9,0.7,15,21
2014-02-08,40,”≈,28,35,14,0.7,15,36
2014-02-09,70,¡º,51,60,22,1.1,17,47
2014-02-10,47,”≈,33,44,16,0.7,13,60
2014-02-11,50,”≈,35,50,20,0.6,15,59
2014-02-12,66,¡º,47,65,27,0.7,25,51
2014-02-13,48,”≈,34,39,14,0.7,21,40
2014-02-14,58,¡º,41,55,19,0.7,20,56
2014-02-15,65,¡º,47,66,22,0.8,27,48
2014-02-16,36,”≈,25,31,9,0.8,26,24
2014-02-17,33,”≈,23,29,15,1.1,25,24
2014-02-18,19,”≈,10,12,9,0.7,19,37
2014-02-19,32,”≈,21,32,14,0.6,17,44
2014-02-20,53,¡º,37,54,26,0.8,23,53
2014-02-21,68,¡º,49,87,35,1.2,40,63
2014-02-22,63,¡º,44,76,22,0.9,33,72
2014-02-23,91,¡º,68,107,40,1.1,34,62
2014-02-24,80,¡º,59,71,14,1.1,31,39
2014-02-25,26,”≈,19,20,14,1.2,32,17
2014-02-26,46,”≈,29,46,22,1.5,32,24
2014-02-27,55,¡º,39,58,19,1.2,28,52
2014-02-28,20,”≈,14,19,12,1.2,26,39
2014-03-01,16,”≈,11,16,14,0.7,22,15
2014-03-02,49,”≈,35,47,23,0.8,23,31
2014-03-03,48,”≈,34,47,12,0.7,21,43
2014-03-04,40,”≈,24,40,15,0.7,27,38
2014-03-05,59,¡º,41,68,20,0.8,27,65
2014-03-06,41,”≈,29,40,8,0.6,17,55
2014-03-07,28,”≈,15,25,5,0.5,17,55
2014-03-08,30,”≈,19,30,8,0.6,19,35
2014-03-09,58,¡º,39,67,18,0.8,29,76
2014-03-10,73,¡º,51,97,32,1,36,72
2014-03-11,81,¡º,55,111,23,1,44,40
2014-03-12,36,”≈,25,35,12,1,27,20
2014-03-13,81,¡º,60,99,16,0.9,25,58
2014-03-14,76,¡º,56,101,26,0.9,40,78
2014-03-15,82,¡º,50,114,29,0.8,38,90
2014-03-16,73,¡º,47,97,40,0.8,32,60
2014-03-17,66,¡º,40,83,25,1.1,28,82
2014-03-18,101,«·∂»Œ€»æ,65,151,33,1.7,47,45
2014-03-19,79,¡º,58,108,30,1.2,34,27
2014-03-20,57,¡º,37,64,17,0.6,22,58
2014-03-21,63,¡º,45,71,24,0.7,33,88
2014-03-22,81,¡º,60,107,29,1.1,47,98
2014-03-23,94,¡º,70,130,36,1.3,54,57
2014-03-24,87,¡º,65,95,28,1.1,35,99
2014-03-25,89,¡º,66,95,19,1.3,37,91
2014-03-26,67,¡º,48,78,27,1.3,33,90
2014-03-27,59,¡º,42,68,22,1.2,27,88
2014-03-28,37,”≈,25,37,17,1.2,32,53
2014-03-29,43,”≈,22,43,13,0.9,19,81
2014-03-30,55,¡º,37,60,13,1.1,22,81
2014-03-31,61,¡º,44,61,19,1.1,22,71
2014-04-01,61,¡º,41,71,27,0.9,30,111
2014-04-02,53,¡º,32,55,22,1,25,89
2014-04-03,68,¡º,35,66,24,0.9,25,122
2014-04-04,68,¡º,47,82,23,0.9,25,122
2014-04-05,94,¡º,70,132,28,1.3,43,134
2014-04-06,65,¡º,43,81,29,1.1,28,95
2014-04-07,49,”≈,32,49,14,0.9,20,64
2014-04-08,59,¡º,40,68,15,1.2,26,95
2014-04-09,70,¡º,48,90,25,1.3,38,117
2014-04-10,75,¡º,47,100,31,1.2,40,125
2014-04-11,67,¡º,49,84,18,1.2,34,57
2014-04-12,39,”≈,23,39,15,1.1,21,35
2014-04-13,32,”≈,17,32,20,0.9,17,61
2014-04-14,48,”≈,25,48,22,0.9,24,68
2014-04-15,64,¡º,39,78,36,1.1,31,72
2014-04-16,79,¡º,58,104,36,1.4,37,78
2014-04-17,65,¡º,47,78,25,1.4,25,85
2014-04-18,61,¡º,44,73,29,1.4,21,82
2014-04-19,47,”≈,33,47,18,1.1,20,59
2014-04-20,36,”≈,16,29,14,0.8,16,72
2014-04-21,38,”≈,23,38,13,1.1,23,52
2014-04-22,40,”≈,23,34,22,1,21,79
2014-04-23,62,¡º,45,61,18,1,24,70
2014-04-24,51,¡º,36,46,14,1,23,43
2014-04-25,40,”≈,28,35,11,1,22,22
2014-04-26,50,”≈,35,42,18,1.1,18,32
2014-04-27,57,¡º,41,60,12,0.9,21,79
2014-04-28,71,¡º,47,92,19,0.8,23,92
2014-04-29,66,¡º,48,83,22,0.7,24,91
2014-04-30,105,«·∂»Œ€»æ,79,137,30,1,33,120
2014-05-01,83,¡º,58,115,28,0.8,32,105
2014-05-02,110,«·∂»Œ€»æ,68,170,21,1,36,121
2014-05-03,112,«·∂»Œ€»æ,50,174,25,0.7,22,101
2014-05-04,62,¡º,40,74,13,0.8,18,78
2014-05-05,71,¡º,51,91,18,0.8,21,82
2014-05-06,68,¡º,44,86,28,0.9,28,120
2014-05-07,77,¡º,56,105,34,0.8,27,94
2014-05-08,67,¡º,49,81,28,0.9,22,79
2014-05-09,42,”≈,29,40,7,0.7,17,74
2014-05-10,61,¡º,44,61,15,1.1,28,56
2014-05-11,35,”≈,25,34,13,1,19,67
2014-05-12,58,¡º,40,66,21,1,27,107
2014-05-13,88,¡º,65,117,23,1.3,34,98
2014-05-14,50,”≈,35,37,15,1.2,16,62
2014-05-15,58,¡º,39,65,12,0.7,21,100
2014-05-16,80,¡º,59,111,30,1,29,93
2014-05-17,100,¡º,75,84,12,1.1,19,88
2014-05-18,128,«·∂»Œ€»æ,97,125,25,1.3,26,105
2014-05-19,158,÷–∂»Œ€»æ,120,139,28,1.5,36,78
2014-05-20,136,«·∂»Œ€»æ,104,133,35,1.4,36,157
2014-05-21,118,«·∂»Œ€»æ,89,128,31,1.5,48,111
2014-05-22,42,”≈,23,32,13,0.9,19,83
2014-05-23,37,”≈,20,37,16,0.9,25,68
2014-05-24,59,¡º,41,68,31,1.2,38,58
2014-05-25,48,”≈,33,45,15,1.1,28,58
2014-05-26,98,¡º,62,145,28,1.1,36,107
2014-05-27,124,«·∂»Œ€»æ,79,197,42,1.2,38,124
2014-05-28,126,«·∂»Œ€»æ,89,202,50,1.4,52,130
2014-05-29,96,¡º,72,141,30,1.3,44,79
2014-05-30,55,¡º,39,61,19,1.2,29,56
2014-05-31,66,¡º,48,68,28,1.4,35,37
2014-06-01,66,¡º,48,68,22,1.3,25,88
2014-06-02,91,¡º,44,61,17,1.1,18,149
2014-06-03,77,¡º,47,65,16,0.9,20,132
2014-06-04,71,¡º,52,78,17,1,23,112
2014-06-05,78,¡º,58,90,32,1,26,95
2014-06-06,97,¡º,73,110,28,1.3,32,101
2014-06-07,114,«·∂»Œ€»æ,87,132,29,1.4,30,132
2014-06-08,162,÷–∂»Œ€»æ,123,176,26,1.7,28,127
2014-06-09,164,÷–∂»Œ€»æ,125,170,37,1.9,28,127
2014-06-10,97,¡º,73,109,24,1.5,43,102
2014-06-11,87,¡º,47,82,31,1.2,26,144
2014-06-12,113,«·∂»Œ€»æ,45,89,37,1.2,30,174
2014-06-13,109,«·∂»Œ€»æ,77,122,27,1.4,27,170
2014-06-14,98,¡º,52,96,30,1.1,29,158
2014-06-15,95,¡º,60,111,30,1.3,34,154
2014-06-16,131,«·∂»Œ€»æ,100,148,32,1.6,22,150
2014-06-17,47,”≈,30,47,19,1.2,26,83
2014-06-18,48,”≈,26,48,22,1.3,19,77
2014-06-19,41,”≈,18,41,19,1.2,20,54
2014-06-20,23,”≈,9,23,16,1,24,28
2014-06-21,38,”≈,21,35,12,1,14,76
2014-06-22,41,”≈,22,41,14,1,20,59
2014-06-23,30,”≈,14,30,13,0.9,20,51
2014-06-24,37,”≈,10,24,11,0.8,18,73
2014-06-25,53,¡º,26,57,30,1,24,86
2014-06-26,52,¡º,23,55,23,1,22,64
2014-06-27,27,”≈,14,27,13,1.4,32,42
2014-06-28,48,”≈,34,48,18,1.2,27,49
2014-06-29,46,”≈,22,46,18,1.1,27,70
2014-06-30,51,¡º,22,53,16,1.1,28,54
2014-07-01,58,¡º,33,67,22,1,22,69
2014-07-02,51,¡º,23,52,19,1.1,25,49
2014-07-03,39,”≈,15,39,16,1.1,28,35
2014-07-04,56,¡º,28,63,19,1,29,73
2014-07-05,51,¡º,23,51,16,1.1,26,54
2014-07-06,42,”≈,13,29,19,1.1,14,84
2014-07-07,55,¡º,21,46,27,1.1,19,106
2014-07-08,55,¡º,32,61,34,1.1,21,98
2014-07-09,79,¡º,57,99,29,1.2,26,135
2014-07-10,107,«·∂»Œ€»æ,80,143,27,1.3,40,123
2014-07-11,95,¡º,71,131,16,1.2,32,100
2014-07-12,42,”≈,17,42,17,1,19,74
2014-07-13,29,”≈,8,17,11,0.9,19,57
2014-07-14,41,”≈,18,41,27,1,19,68
2014-07-15,25,”≈,10,25,13,0.9,25,50
2014-07-16,35,”≈,15,35,20,0.9,26,56
2014-07-17,54,¡º,27,57,24,1,22,104
2014-07-18,56,¡º,32,61,20,1,20,95
2014-07-19,48,”≈,24,48,17,0.8,20,88
2014-07-20,71,¡º,52,83,12,1,24,110
2014-07-21,70,¡º,51,89,16,1,32,110
2014-07-22,107,«·∂»Œ€»æ,80,119,18,1.1,30,128
2014-07-23,62,¡º,33,67,16,1,20,114
2014-07-24,41,”≈,10,28,11,0.9,19,81
2014-07-25,63,¡º,43,74,21,1.1,23,115
2014-07-26,59,¡º,39,63,20,1.4,23,111
2014-07-27,62,¡º,44,74,17,1.2,23,90
2014-07-28,55,¡º,31,60,15,1,26,58
2014-07-29,52,¡º,24,54,31,0.9,26,88
2014-07-30,68,¡º,36,85,25,0.9,30,97
2014-07-31,67,¡º,37,84,15,0.9,35,77
2014-08-01,46,”≈,14,35,10,0.8,15,91
2014-08-02,32,”≈,10,27,12,0.8,14,64
2014-08-03,43,”≈,15,43,15,0.8,21,75
2014-08-04,56,¡º,25,62,13,1,30,51
2014-08-05,71,¡º,25,56,15,0.9,22,125
2014-08-06,73,¡º,36,73,20,0.9,29,128
2014-08-07,72,¡º,33,69,28,0.9,22,126
2014-08-08,53,¡º,21,40,12,1,16,103
2014-08-09,43,”≈,17,40,22,0.9,20,85
2014-08-10,61,¡º,41,73,26,1.1,23,112
2014-08-11,52,¡º,33,54,22,1.2,20,102
2014-08-12,62,¡º,44,66,24,1.1,21,99
2014-08-13,48,”≈,21,35,20,0.9,18,95
2014-08-14,40,”≈,19,40,18,0.9,28,73
2014-08-15,54,¡º,33,59,21,1.1,33,96
2014-08-16,44,”≈,25,44,15,0.9,28,65
2014-08-17,50,”≈,21,41,21,0.8,22,99
2014-08-18,47,”≈,21,34,16,0.8,25,93
2014-08-19,35,”≈,21,32,19,0.8,29,70
2014-08-20,77,¡º,37,57,23,1,32,132
2014-08-21,81,¡º,49,91,21,1.1,43,137
2014-08-22,66,¡º,40,83,24,1,36,91
2014-08-23,75,¡º,49,101,27,1,35,102
2014-08-24,60,¡º,30,70,29,0.8,24,78
2014-08-25,59,¡º,24,53,23,1,23,111
2014-08-26,78,¡º,58,92,28,1.1,22,123
2014-08-27,59,¡º,35,64,17,0.9,21,111
2014-08-28,70,¡º,51,87,20,1.1,26,105
2014-08-29,49,”≈,22,49,15,0.9,27,83
2014-08-30,62,¡º,37,73,25,0.9,29,114
2014-08-31,75,¡º,50,101,32,1,35,79
2014-09-01,62,¡º,37,74,26,1,25,96
2014-09-02,61,¡º,37,71,29,1,21,106
2014-09-03,41,”≈,16,39,12,1,22,82
2014-09-04,73,¡º,27,57,22,0.9,28,128
2014-09-05,68,¡º,46,86,31,1,41,102
2014-09-06,105,«·∂»Œ€»æ,63,118,32,1.1,42,165
2014-09-07,98,¡º,69,115,27,1.1,37,157
2014-09-08,82,¡º,61,103,23,1,26,122
2014-09-09,93,¡º,70,107,23,1.1,24,101
2014-09-10,52,¡º,33,54,14,0.9,20,75
2014-09-11,69,¡º,50,81,24,1,24,89
2014-09-12,56,¡º,26,61,29,0.8,22,102
2014-09-13,39,”≈,14,33,15,0.8,19,78
2014-09-14,52,¡º,30,55,18,0.8,19,89
2014-09-15,61,¡º,42,72,24,0.9,21,104
2014-09-16,61,¡º,35,67,23,0.9,20,113
2014-09-17,67,¡º,44,85,29,1,30,108
2014-09-18,49,”≈,31,49,19,1.1,25,47
2014-09-19,33,”≈,13,23,11,1.1,23,66
2014-09-20,65,¡º,32,50,23,1,23,118
2014-09-21,83,¡º,42,69,29,0.9,23,140
2014-09-22,62,¡º,25,51,22,0.7,21,114
2014-09-23,51,¡º,24,52,24,0.7,22,96
2014-09-24,48,”≈,22,48,25,0.8,22,81
2014-09-25,65,¡º,47,77,31,0.9,30,86
2014-09-26,116,«·∂»Œ€»æ,88,116,28,1,33,118
2014-09-27,145,«·∂»Œ€»æ,111,147,29,1.1,36,130
2014-09-28,131,«·∂»Œ€»æ,100,144,31,1.1,40,150
2014-09-29,80,¡º,59,99,31,1.1,33,84
2014-09-30,43,”≈,26,43,14,0.9,22,52
2014-10-01,59,¡º,41,68,22,1.1,27,70
2014-10-02,63,¡º,46,72,19,1.1,31,92
2014-10-03,63,¡º,41,75,25,1,26,113
2014-10-04,82,¡º,46,82,26,1,26,138
2014-10-05,87,¡º,36,79,37,1,30,144
2014-10-06,96,¡º,59,99,30,1,27,155
2014-10-07,92,¡º,68,99,29,1,31,144
2014-10-08,81,¡º,60,89,27,0.9,36,131
2014-10-09,79,¡º,58,92,26,0.8,30,120
2014-10-10,92,¡º,68,99,29,0.9,28,132
2014-10-11,88,¡º,66,96,26,0.8,27,114
2014-10-12,130,«·∂»Œ€»æ,99,130,21,0.8,25,103
2014-10-13,213,÷ÿ∂»Œ€»æ,163,207,26,1,33,92
2014-10-14,117,«·∂»Œ€»æ,88,116,36,0.9,38,124
2014-10-15,152,÷–∂»Œ€»æ,117,160,34,1,61,154
2014-10-16,130,«·∂»Œ€»æ,99,132,35,1.1,52,127
2014-10-17,125,«·∂»Œ€»æ,95,130,48,1.1,49,146
2014-10-18,111,«·∂»Œ€»æ,84,122,45,1,48,157
2014-10-19,122,«·∂»Œ€»æ,93,141,46,1.1,62,144
2014-10-20,148,«·∂»Œ€»æ,114,173,40,1.5,73,145
2014-10-21,111,«·∂»Œ€»æ,84,118,18,1.6,42,65
2014-10-22,50,”≈,35,42,16,0.9,22,90
2014-10-23,81,¡º,60,77,25,1,32,89
2014-10-24,105,«·∂»Œ€»æ,79,116,23,1.2,45,105
2014-10-25,145,«·∂»Œ€»æ,111,159,23,1.5,55,119
2014-10-26,142,«·∂»Œ€»æ,109,158,28,1.4,47,106
2014-10-27,121,«·∂»Œ€»æ,92,124,24,1.1,31,108
2014-10-28,133,«·∂»Œ€»æ,102,125,20,1.2,30,88
2014-10-29,99,¡º,74,90,17,1,29,53
2014-10-30,68,¡º,49,50,12,1.1,29,30
2014-10-31,37,”≈,26,29,11,1.4,25,16
2014-11-01,78,¡º,58,53,14,1.2,22,32
2014-11-02,74,¡º,54,68,22,0.9,20,61
2014-11-03,56,¡º,28,61,20,0.7,24,63
2014-11-04,85,¡º,63,106,31,0.9,44,73
2014-11-05,117,«·∂»Œ€»æ,88,126,19,1,50,38
2014-11-06,82,¡º,61,77,19,0.8,25,68
2014-11-07,111,«·∂»Œ€»æ,84,92,19,1.1,30,54
2014-11-08,44,”≈,31,30,8,0.7,19,53
2014-11-09,55,¡º,39,46,14,0.7,24,44
2014-11-10,68,¡º,49,62,22,1,32,16
2014-11-11,66,¡º,47,67,21,1,33,20
2014-11-12,64,¡º,46,73,18,0.7,26,66
2014-11-13,67,¡º,48,79,23,0.6,34,62
2014-11-14,70,¡º,51,87,30,0.8,42,75
2014-11-15,73,¡º,54,84,26,0.8,38,46
2014-11-16,84,¡º,62,80,20,0.8,31,55
2014-11-17,86,¡º,64,92,22,0.8,26,69
2014-11-18,61,¡º,43,72,27,0.8,30,53
2014-11-19,86,¡º,64,108,35,1,53,41
2014-11-20,129,«·∂»Œ€»æ,98,165,39,1.6,65,68
2014-11-21,144,«·∂»Œ€»æ,110,175,37,1.6,67,68
2014-11-22,95,¡º,71,102,26,1,36,68
2014-11-23,162,÷–∂»Œ€»æ,123,169,44,1.5,48,77
2014-11-24,88,¡º,66,77,13,1.6,30,36
2014-11-25,15,”≈,11,15,9,0.6,21,20
2014-11-26,37,”≈,23,37,18,1,25,30
2014-11-27,55,¡º,33,59,23,1.1,35,25
2014-11-28,30,”≈,21,26,11,1.1,23,17
2014-11-29,64,¡º,46,65,22,1.6,32,18
2014-11-30,23,”≈,16,19,9,1.5,26,19
2014-12-01,70,¡º,46,91,24,1,26,49
2014-12-02,60,¡º,19,70,27,0.6,24,37
2014-12-03,41,”≈,25,41,12,0.7,34,16
2014-12-04,54,¡º,31,58,26,0.6,28,42
2014-12-05,57,¡º,32,64,34,0.6,34,47
2014-12-06,52,¡º,25,54,24,0.5,34,41
2014-12-07,58,¡º,34,66,35,0.7,41,39
2014-12-08,76,¡º,56,95,44,1,37,42
2014-12-09,66,¡º,48,66,31,0.9,37,29
2014-12-10,58,¡º,42,35,11,0.8,27,20
2014-12-11,65,¡º,47,58,22,0.7,25,37
2014-12-12,63,¡º,46,72,33,0.7,33,40
2014-12-13,66,¡º,48,69,33,0.8,42,39
2014-12-14,74,¡º,55,74,38,1,47,42
2014-12-15,69,¡º,50,61,40,0.8,46,19
2014-12-16,54,¡º,39,46,30,0.7,26,43
2014-12-17,30,”≈,21,30,23,0.5,29,45
2014-12-18,49,”≈,35,36,30,0.7,34,46
2014-12-19,66,¡º,48,49,38,0.9,47,26
2014-12-20,87,¡º,64,52,29,1.1,37,47
2014-12-21,55,¡º,39,36,30,0.8,28,44
2014-12-22,58,¡º,41,38,36,0.9,38,44
2014-12-23,84,¡º,62,56,35,1.1,49,41
2014-12-24,90,¡º,67,54,43,0.9,44,56
2014-12-25,108,«·∂»Œ€»æ,81,60,43,1.1,43,40
2014-12-26,77,¡º,57,42,39,0.9,39,32
2014-12-27,70,¡º,51,37,40,0.8,37,35
2014-12-28,73,¡º,53,51,19,0.8,32,45
2014-12-29,91,¡º,68,66,37,1.1,37,45
2014-12-30,108,«·∂»Œ€»æ,81,114,55,1.5,48,34
2014-12-31,90,¡º,67,91,31,1.2,35,47
2015-01-01,42,”≈,15,42,18,0.5,19,44
2015-01-02,57,¡º,36,65,41,0.9,38,34
2015-01-03,77,¡º,57,95,43,1.3,51,47
2015-01-04,129,«·∂»Œ€»æ,98,149,47,2.2,73,54
2015-01-05,118,«·∂»Œ€»æ,89,139,41,1.5,58,32
2015-01-06,101,«·∂»Œ€»æ,76,84,17,1.2,30,26
2015-01-07,58,¡º,42,55,24,0.9,27,30
2015-01-08,75,¡º,55,81,35,1.1,35,53
2015-01-09,91,¡º,68,106,39,1.1,49,52
2015-01-10,118,«·∂»Œ€»æ,89,140,41,1.7,60,33
2015-01-11,124,«·∂»Œ€»æ,94,145,35,1.5,47,49
2015-01-12,107,«·∂»Œ€»æ,80,106,38,1.5,49,44
2015-01-13,73,¡º,53,63,10,1.1,36,20
2015-01-14,62,¡º,45,55,14,0.9,33,41
2015-01-15,51,¡º,33,52,15,0.9,34,41
2015-01-16,86,¡º,64,84,24,1.2,40,49
2015-01-17,119,«·∂»Œ€»æ,90,116,28,1.2,34,68
2015-01-18,130,«·∂»Œ€»æ,99,139,38,1.4,50,44
2015-01-19,106,«·∂»Œ€»æ,80,124,32,1.3,49,72
2015-01-20,104,«·∂»Œ€»æ,78,130,45,1.2,61,35
2015-01-21,116,«·∂»Œ€»æ,88,153,40,1.2,45,59
2015-01-22,84,¡º,62,114,25,1,37,61
2015-01-23,97,¡º,71,144,35,1.2,61,46
2015-01-24,107,«·∂»Œ€»æ,79,164,30,1.3,58,44
2015-01-25,124,«·∂»Œ€»æ,94,150,24,1.4,51,22
2015-01-26,204,÷ÿ∂»Œ€»æ,154,198,20,1.9,45,22
2015-01-27,83,¡º,61,85,9,1.6,35,16
2015-01-28,21,”≈,15,20,7,0.6,23,13
2015-01-29,14,”≈,9,14,6,0.6,22,10
2015-01-30,46,”≈,32,43,11,0.7,22,22
2015-01-31,102,«·∂»Œ€»æ,77,99,24,0.9,30,27
2015-02-01,63,¡º,45,59,16,1,34,20
2015-02-02,60,¡º,43,54,9,0.9,31,11
2015-02-03,62,¡º,44,59,13,0.9,27,21
2015-02-04,92,¡º,69,100,15,1,30,42
2015-02-05,110,«·∂»Œ€»æ,83,122,29,1,31,73
2015-02-06,69,¡º,45,88,24,0.8,40,59
2015-02-07,102,«·∂»Œ€»æ,76,154,22,1.1,61,37
2015-02-08,101,«·∂»Œ€»æ,76,125,27,0.9,31,55
2015-02-09,51,¡º,25,52,18,0.7,26,55
2015-02-10,64,¡º,40,79,30,0.8,42,47
2015-02-11,88,¡º,65,126,23,1,45,67
2015-02-12,116,«·∂»Œ€»æ,88,165,23,1.5,54,79
2015-02-13,134,«·∂»Œ€»æ,102,168,23,1.6,56,72
2015-02-14,95,¡º,71,113,15,1.1,41,46
2015-02-15,70,¡º,51,73,8,0.9,22,60
2015-02-16,92,¡º,68,108,17,1,20,90
2015-02-17,111,«·∂»Œ€»æ,84,122,20,1.3,29,92
2015-02-18,104,«·∂»Œ€»æ,79,119,16,1.1,20,75
2015-02-19,95,¡º,71,110,20,0.8,18,65
2015-02-20,51,¡º,36,42,2,0.9,16,46
2015-02-21,23,”≈,12,23,3,0.8,15,20
2015-02-22,54,¡º,38,50,10,0.9,15,58
2015-02-23,66,¡º,48,58,7,1.1,17,61
2015-02-24,60,¡º,43,56,13,1.3,20,44
2015-02-25,33,”≈,23,33,4,1.2,18,34
2015-02-26,22,”≈,15,20,5,1.1,28,19
2015-02-27,21,”≈,9,15,3,0.7,16,41
2015-02-28,20,”≈,9,12,3,0.6,15,40
2015-03-01,31,”≈,21,31,7,0.5,14,61
2015-03-02,39,”≈,27,38,7,0.7,29,50
2015-03-03,46,”≈,27,46,5,0.8,27,29
2015-03-04,67,¡º,43,85,12,0.7,23,46
2015-03-05,34,”≈,24,32,4,0.8,21,28
2015-03-06,39,”≈,27,37,8,0.6,21,35
2015-03-07,51,¡º,34,51,16,0.8,27,34
2015-03-08,42,”≈,29,42,11,1,32,13
2015-03-09,50,”≈,33,51,8,0.8,23,54
2015-03-10,67,¡º,49,77,12,0.7,23,50
2015-03-11,56,¡º,33,62,17,0.8,38,45
2015-03-12,74,¡º,50,98,31,0.9,34,61
2015-03-13,78,¡º,54,106,29,1.2,44,47
2015-03-14,42,”≈,29,42,5,0.9,28,32
2015-03-15,76,¡º,56,70,10,1.5,35,18
2015-03-16,69,¡º,50,70,18,1.5,39,19
2015-03-17,76,¡º,52,102,23,1.7,38,43
2015-03-18,34,”≈,20,34,14,1.2,23,18
2015-03-19,23,”≈,14,23,11,1,22,27
2015-03-20,32,”≈,21,32,9,1,21,35
2015-03-21,36,”≈,18,36,10,1,23,46
2015-03-22,51,¡º,26,53,16,1.2,27,69
2015-03-23,55,¡º,35,60,11,0.9,28,58
2015-03-24,66,¡º,33,83,20,0.8,30,62
2015-03-25,57,¡º,24,64,20,0.8,29,75
2015-03-26,56,¡º,25,62,20,0.8,34,44
2015-03-27,53,¡º,33,44,13,0.7,21,84
2015-03-28,74,¡º,48,99,33,0.9,38,72
2015-03-29,70,¡º,47,90,17,1.1,35,52
2015-03-30,52,¡º,30,53,17,1.1,30,53
2015-03-31,66,¡º,41,83,25,1.3,30,70
2015-04-01,55,¡º,24,60,17,0.8,22,73
2015-04-02,55,¡º,20,59,14,0.8,19,66
2015-04-03,35,”≈,21,35,10,1.2,22,41
2015-04-04,39,”≈,23,39,8,1,24,54
2015-04-05,43,”≈,25,43,11,1.3,22,47
2015-04-06,27,”≈,14,22,7,0.9,16,53
2015-04-07,27,”≈,11,19,6,0.6,16,54
2015-04-08,27,”≈,16,27,9,0.5,15,54
2015-04-09,41,”≈,23,41,13,0.7,30,40
2015-04-10,51,¡º,27,53,14,0.8,30,79
2015-04-11,69,¡º,45,88,19,0.9,36,95
2015-04-12,77,¡º,40,105,15,0.8,34,114
2015-04-13,56,¡º,15,62,9,0.5,15,83
2015-04-14,64,¡º,25,78,30,0.6,25,104
2015-04-15,89,¡º,51,128,41,1,64,72
2015-04-16,90,¡º,66,131,47,1.1,47,118
2015-04-17,86,¡º,57,123,32,1.1,43,93
2015-04-18,69,¡º,37,87,24,0.8,35,76
2015-04-19,49,”≈,33,49,12,1.1,26,29
2015-04-20,30,”≈,12,22,8,0.8,17,60
2015-04-21,52,¡º,28,53,21,0.7,28,85
2015-04-22,66,¡º,36,81,19,0.9,53,111
2015-04-23,86,¡º,51,122,36,1,65,123
2015-04-24,71,¡º,52,79,15,1,33,75
2015-04-25,63,¡º,33,62,17,0.9,37,115
2015-04-26,80,¡º,47,110,27,1.1,45,123
2015-04-27,87,¡º,59,124,35,1.1,41,78
2015-04-28,63,¡º,37,77,26,1,22,97
2015-04-29,78,¡º,37,90,36,1,26,134
2015-04-30,93,¡º,37,89,36,1,32,152
2015-05-01,72,¡º,44,93,23,1.1,28,99
2015-05-02,41,”≈,11,27,20,0.9,16,82
2015-05-03,78,¡º,25,47,23,0.9,20,133
2015-05-04,63,¡º,45,72,25,1.2,24,105
2015-05-05,81,¡º,45,77,22,1,19,137
2015-05-06,59,¡º,42,69,19,1.2,24,96
2015-05-07,67,¡º,45,85,28,1.2,28,109
2015-05-08,43,”≈,29,43,9,1,24,72
2015-05-09,62,¡º,40,68,29,1.1,25,114
2015-05-10,72,¡º,51,93,28,1.1,29,126
2015-05-11,43,”≈,16,40,26,0.7,20,85
2015-05-12,72,¡º,31,93,39,0.7,31,104
2015-05-13,81,¡º,44,111,63,1,42,100
2015-05-14,45,”≈,23,45,17,1.2,34,76
2015-05-15,38,”≈,21,38,34,1.1,31,67
2015-05-16,43,”≈,29,42,21,1.1,21,86
2015-05-17,46,”≈,25,46,30,1.1,23,88
2015-05-18,67,¡º,46,85,44,1.3,36,57
2015-05-19,62,¡º,42,74,23,1.3,31,113
2015-05-20,88,¡º,65,106,33,1.4,27,145
2015-05-21,109,«·∂»Œ€»æ,44,86,27,1,25,170
2015-05-22,79,¡º,24,56,25,0.9,23,135
2015-05-23,106,«·∂»Œ€»æ,80,128,39,1.2,35,161
2015-05-24,147,«·∂»Œ€»æ,113,160,42,1.3,34,200
2015-05-25,159,÷–∂»Œ€»æ,121,200,45,1.4,43,149
2015-05-26,152,÷–∂»Œ€»æ,117,178,47,1.4,31,139
2015-05-27,57,¡º,28,64,38,1.1,29,87
2015-05-28,64,¡º,35,77,31,1.1,26,100
2015-05-29,95,¡º,71,102,24,1.5,25,99
2015-05-30,47,”≈,16,34,21,1,19,93
2015-05-31,83,¡º,39,69,25,1.1,24,140
2015-06-01,79,¡º,52,109,37,1.2,37,100
2015-06-02,54,¡º,23,57,29,0.9,29,68
2015-06-03,61,¡º,18,26,19,1,20,113
2015-06-04,53,¡º,14,23,23,0.8,24,103
2015-06-05,91,¡º,37,68,26,0.9,27,149
2015-06-06,86,¡º,54,108,33,1,43,143
2015-06-07,63,¡º,42,76,21,1,32,87
2015-06-08,32,”≈,14,22,21,0.9,35,63
2015-06-09,38,”≈,23,35,27,0.9,36,76
2015-06-10,54,¡º,33,57,39,1.2,33,63
2015-06-11,55,¡º,31,60,37,1.1,28,76
2015-06-12,69,¡º,31,80,42,0.9,22,123
2015-06-13,40,”≈,14,36,25,0.7,24,80
2015-06-14,33,”≈,15,27,16,1,24,65
2015-06-15,49,”≈,23,49,31,0.9,22,86
2015-06-16,54,¡º,23,58,33,0.9,23,95
2015-06-17,56,¡º,25,62,42,0.9,22,99
2015-06-18,56,¡º,18,28,21,1.2,20,107
2015-06-19,50,”≈,29,50,22,1.3,22,91
2015-06-20,56,¡º,29,56,32,1.4,26,107
2015-06-21,53,¡º,24,39,19,1.1,19,103
2015-06-22,47,”≈,9,15,13,1.1,19,93
2015-06-23,53,¡º,13,29,18,1.1,18,104
2015-06-24,49,”≈,12,33,30,0.8,17,98
2015-06-25,52,¡º,13,41,24,0.7,18,102
2015-06-26,68,¡º,17,50,34,0.9,19,122
2015-06-27,74,¡º,17,53,32,0.8,17,129
2015-06-28,83,¡º,22,62,37,0.9,19,140
2015-06-29,90,¡º,22,62,39,0.8,19,148
2015-06-30,74,¡º,25,66,35,1,19,129
2015-07-01,48,”≈,17,31,19,1.3,21,96
2015-07-02,60,¡º,21,39,23,1.3,16,112
2015-07-03,48,”≈,22,44,22,1.3,16,95
2015-07-04,59,¡º,29,49,19,1,16,111
2015-07-05,40,”≈,9,21,15,1,17,79
2015-07-06,34,”≈,9,18,14,0.9,19,68
2015-07-07,40,”≈,24,40,20,0.8,20,64
2015-07-08,46,”≈,26,43,22,0.8,18,91
2015-07-09,41,”≈,27,41,19,1,17,69
2015-07-10,52,¡º,34,54,19,0.8,14,94
2015-07-11,39,”≈,15,36,18,0.6,13,77
2015-07-12,53,¡º,23,56,21,0.7,20,102
2015-07-13,85,¡º,59,121,46,1,29,134
2015-07-14,117,«·∂»Œ€»æ,89,172,30,1.3,32,133
2015-07-15,101,«·∂»Œ€»æ,76,137,30,1.3,32,134
2015-07-16,64,¡º,39,79,22,1.2,28,100
2015-07-17,39,”≈,20,39,15,1,23,59
2015-07-18,52,¡º,22,53,21,0.9,25,84
2015-07-19,65,¡º,40,81,25,0.9,19,109
2015-07-20,83,¡º,53,97,29,1,18,139
2015-07-21,51,¡º,23,51,16,0.9,18,99
2015-07-22,62,¡º,32,73,27,0.8,27,91
2015-07-23,46,”≈,18,46,32,0.8,19,88
2015-07-24,33,”≈,11,33,23,0.7,17,66
2015-07-25,32,”≈,10,26,24,0.8,22,63
2015-07-26,46,”≈,10,32,27,0.8,19,91
2015-07-27,46,”≈,13,46,30,0.8,21,82
2015-07-28,58,¡º,17,66,32,0.8,22,90
2015-07-29,64,¡º,23,78,38,0.8,20,103
2015-07-30,53,¡º,14,56,28,0.8,19,90
2015-07-31,59,¡º,17,68,33,0.7,22,96
2015-08-01,72,¡º,27,93,42,0.8,28,115
2015-08-02,81,¡º,32,111,47,0.8,30,115
2015-08-03,73,¡º,27,96,44,0.8,27,113
2015-08-04,83,¡º,32,115,54,0.9,28,108
2015-08-05,89,¡º,40,127,49,0.9,33,128
2015-08-06,82,¡º,34,114,25,1,40,103
2015-08-07,85,¡º,27,78,23,0.9,21,141
2015-08-08,54,¡º,14,49,25,0.8,12,104
2015-08-09,43,”≈,7,17,12,0.8,9,85
2015-08-10,29,”≈,10,22,17,0.9,20,57
2015-08-11,33,”≈,12,28,23,0.9,19,66
2015-08-12,46,”≈,19,46,24,0.9,18,83
2015-08-13,63,¡º,33,76,28,1,26,99
2015-08-14,55,¡º,23,52,26,0.9,22,106
2015-08-15,41,”≈,15,38,24,0.9,18,82
2015-08-16,64,¡º,23,53,20,0.9,17,116
2015-08-17,68,¡º,34,86,33,1.1,27,114
2015-08-18,61,¡º,28,71,25,0.9,23,74
2015-08-19,58,¡º,26,65,21,0.8,19,90
2015-08-20,45,”≈,12,37,29,0.7,17,90
2015-08-21,51,¡º,21,50,22,0.7,16,101
2015-08-22,82,¡º,32,66,24,1,16,138
2015-08-23,75,¡º,22,52,25,0.8,15,130
2015-08-24,72,¡º,31,74,22,0.7,18,126
2015-08-25,57,¡º,24,62,23,0.7,20,108
2015-08-26,85,¡º,52,114,34,1,31,141
2015-08-27,96,¡º,68,142,30,1,42,131
2015-08-28,75,¡º,55,100,35,1.1,31,102
2015-08-29,80,¡º,44,90,36,0.9,28,136
2015-08-30,87,¡º,59,107,36,1,26,144
2015-08-31,82,¡º,58,102,31,1,26,138
2015-09-01,89,¡º,53,109,34,1.1,31,146
2015-09-02,89,¡º,53,95,31,1.1,22,146
2015-09-03,58,¡º,30,53,24,0.8,17,109
2015-09-04,40,”≈,12,38,31,0.7,18,80
2015-09-05,51,¡º,19,51,34,0.7,25,50
2015-09-06,75,¡º,23,46,16,0.8,16,130
2015-09-07,79,¡º,34,62,31,0.7,15,134
2015-09-08,69,¡º,23,52,28,0.6,17,122
2015-09-09,74,¡º,28,58,28,0.6,20,128
2015-09-10,99,¡º,33,66,37,0.7,23,158
2015-09-11,88,¡º,39,76,31,0.7,21,145
2015-09-12,54,¡º,33,58,21,0.6,17,102
2015-09-13,55,¡º,26,60,34,0.6,24,95
2015-09-14,59,¡º,31,68,26,0.7,22,76
2015-09-15,50,”≈,18,42,16,0.7,21,99
2015-09-16,57,¡º,27,56,30,0.7,22,108
2015-09-17,55,¡º,25,60,29,0.6,26,97
2015-09-18,67,¡º,42,84,34,0.7,24,99
2015-09-19,43,”≈,30,42,20,0.6,18,84
2015-09-20,69,¡º,50,78,22,0.8,23,111
2015-09-21,53,¡º,30,56,20,0.7,22,83
2015-09-22,63,¡º,38,75,31,0.9,24,91
2015-09-23,54,¡º,34,57,19,0.8,29,68
2015-09-24,57,¡º,30,64,24,0.9,30,92
2015-09-25,38,”≈,21,38,22,0.8,19,75
2015-09-26,57,¡º,36,64,25,0.8,24,90
2015-09-27,67,¡º,39,69,29,0.8,19,120
2015-09-28,78,¡º,57,92,36,0.9,20,130
2015-09-29,66,¡º,41,82,19,0.7,15,101
2015-09-30,28,”≈,8,13,14,0.7,22,43
2015-10-01,49,”≈,18,49,24,0.6,19,97
2015-10-02,78,¡º,32,105,24,0.5,29,105
2015-10-03,71,¡º,36,91,30,0.6,31,97
2015-10-04,72,¡º,52,90,38,0.9,23,101
2015-10-05,46,”≈,32,41,18,0.7,21,85
2015-10-06,35,”≈,24,31,19,0.8,24,38
2015-10-07,29,”≈,16,27,22,0.8,23,33
2015-10-08,33,”≈,14,25,15,0.7,18,66
2015-10-09,54,¡º,30,57,21,0.6,30,77
2015-10-10,77,¡º,45,103,43,0.6,49,55
2015-10-11,81,¡º,49,111,33,0.6,47,114
2015-10-12,99,¡º,57,148,28,0.7,68,104
2015-10-13,78,¡º,47,105,44,0.7,46,98
2015-10-14,96,¡º,68,141,48,0.8,64,92
2015-10-15,113,«·∂»Œ€»æ,85,174,32,0.9,63,107
2015-10-16,112,«·∂»Œ€»æ,84,158,37,0.8,52,118
2015-10-17,125,«·∂»Œ€»æ,95,149,39,0.8,37,138
2015-10-18,95,¡º,71,106,31,0.7,28,119
2015-10-19,69,¡º,50,86,36,0.6,30,120
2015-10-20,70,¡º,51,86,30,0.6,30,107
2015-10-21,78,¡º,57,94,31,0.7,29,113
2015-10-22,85,¡º,63,91,32,0.7,26,117
2015-10-23,108,«·∂»Œ€»æ,81,110,26,0.7,32,113
2015-10-24,142,«·∂»Œ€»æ,108,135,36,0.8,34,118
2015-10-25,130,«·∂»Œ€»æ,99,144,42,0.9,32,118
2015-10-26,134,«·∂»Œ€»æ,102,155,36,0.9,31,124
2015-10-27,50,”≈,28,50,19,0.7,22,78
2015-10-28,68,¡º,41,86,33,0.7,34,90
2015-10-29,53,¡º,35,56,20,0.6,28,46
2015-10-30,74,¡º,54,67,22,0.7,30,42
2015-10-31,42,”≈,29,40,26,0.5,27,47
2015-11-01,52,¡º,28,53,27,0.5,33,51
2015-11-02,65,¡º,46,80,30,0.7,41,95
2015-11-03,77,¡º,56,91,33,0.8,34,81
2015-11-04,109,«·∂»Œ€»æ,82,118,29,0.8,36,80
2015-11-05,78,¡º,57,88,18,0.7,32,66
2015-11-06,100,¡º,75,121,36,1,38,74
2015-11-07,72,¡º,52,87,22,1.1,28,57
2015-11-08,29,”≈,10,16,15,0.7,23,37
2015-11-09,46,”≈,32,44,25,0.8,21,73
2015-11-10,39,”≈,27,39,18,0.9,21,77
2015-11-11,54,¡º,38,46,18,0.8,27,67
2015-11-12,37,”≈,13,17,20,0.8,29,40
2015-11-13,38,”≈,13,26,18,0.8,30,37
2015-11-14,45,”≈,26,44,22,1,36,52
2015-11-15,53,¡º,30,55,30,1,40,54
2015-11-16,43,”≈,22,30,18,1.1,34,41
2015-11-17,35,”≈,12,15,16,1.1,28,56
2015-11-18,34,”≈,11,20,24,1.2,27,54
2015-11-19,43,”≈,22,38,27,1.1,34,45
2015-11-20,45,”≈,17,26,19,1,36,39
2015-11-21,50,”≈,35,48,31,1.1,36,38
2015-11-22,57,¡º,39,64,29,1.3,42,42
2015-11-23,43,”≈,25,40,23,1.1,34,44
2015-11-24,28,”≈,7,16,21,0.7,22,34
2015-11-25,24,”≈,11,23,14,0.7,19,48
2015-11-26,44,”≈,26,44,24,0.7,22,72
2015-11-27,48,”≈,23,48,28,0.6,27,80
2015-11-28,58,¡º,32,65,29,0.8,44,65
2015-11-29,60,¡º,34,70,26,0.8,39,51
2015-11-30,95,¡º,71,112,31,0.9,35,41
2015-12-01,114,«·∂»Œ€»æ,86,136,31,1,43,48
2015-12-02,70,¡º,51,81,22,0.9,35,54
2015-12-03,83,¡º,47,115,37,1,47,56
2015-12-04,66,¡º,34,81,32,0.8,42,51
2015-12-05,33,”≈,20,29,16,0.7,26,62
2015-12-06,34,”≈,22,34,24,0.6,26,65
2015-12-07,49,”≈,24,49,21,0.8,38,47
2015-12-08,56,¡º,32,61,20,0.8,38,50
2015-12-09,75,¡º,55,66,26,1,48,31
2015-12-10,52,¡º,36,51,14,0.9,30,32
2015-12-11,186,÷–∂»Œ€»æ,140,164,23,1.3,42,45
2015-12-12,214,÷ÿ∂»Œ€»æ,164,221,27,1.6,48,24
2015-12-13,68,¡º,49,49,14,0.9,31,52
2015-12-14,122,«·∂»Œ€»æ,92,113,25,1,35,50
2015-12-15,112,«·∂»Œ€»æ,84,117,31,1,33,55
2015-12-16,55,¡º,20,60,19,0.6,22,63
2015-12-17,54,¡º,25,58,20,0.6,31,61
2015-12-18,63,¡º,40,75,28,0.8,44,46
2015-12-19,108,«·∂»Œ€»æ,81,117,36,1,62,19
2015-12-20,104,«·∂»Œ€»æ,78,92,13,1,53,15
2015-12-21,109,«·∂»Œ€»æ,82,113,17,1,47,41
2015-12-22,118,«·∂»Œ€»æ,89,116,16,1.2,45,18
2015-12-23,169,÷–∂»Œ€»æ,128,150,18,1.3,45,43
2015-12-24,77,¡º,56,50,9,1.3,31,42
2015-12-25,82,¡º,60,88,23,1.4,41,67
2015-12-26,105,«·∂»Œ€»æ,79,130,45,1.6,52,21
2015-12-27,130,«·∂»Œ€»æ,99,133,26,1.3,41,76
2015-12-28,98,¡º,73,100,13,0.9,30,74
2015-12-29,92,¡º,68,106,16,0.8,38,58
2015-12-30,127,«·∂»Œ€»æ,96,156,22,1,57,65
2015-12-31,142,«·∂»Œ€»æ,108,150,30,1.1,48,91
2016-01-01,150,«·∂»Œ€»æ,115,184,42,1.3,67,57
2016-01-02,204,÷ÿ∂»Œ€»æ,154,277,93,1.7,86,23
2016-01-03,182,÷–∂»Œ€»æ,137,218,45,1.8,70,51
2016-01-04,92,¡º,68,96,18,1.2,47,54
2016-01-05,74,¡º,54,63,10,1.4,37,53
2016-01-06,67,¡º,48,64,8,1.1,33,52
2016-01-07,79,¡º,58,72,11,1.1,36,42
2016-01-08,95,¡º,71,90,11,1,32,60
2016-01-09,75,¡º,55,70,13,1.1,34,52
2016-01-10,98,¡º,73,80,13,1.2,47,27
2016-01-11,85,¡º,63,64,13,1.2,34,61
2016-01-12,55,¡º,39,52,9,0.9,24,62
2016-01-13,58,¡º,41,64,12,0.9,32,38
2016-01-14,87,¡º,64,85,18,1,38,58
2016-01-15,80,¡º,59,93,17,1.1,48,64
2016-01-16,61,¡º,40,71,11,1,42,24
2016-01-17,62,¡º,41,74,8,0.9,37,53
2016-01-18,129,«·∂»Œ€»æ,98,138,13,1.2,45,65
2016-01-19,160,÷–∂»Œ€»æ,122,154,23,1,38,81
2016-01-20,100,¡º,75,96,19,1,43,48
2016-01-21,50,”≈,35,40,9,0.6,33,31
2016-01-22,35,”≈,22,28,8,0.6,28,58
2016-01-23,69,¡º,50,64,12,0.7,22,71
2016-01-24,69,¡º,16,88,9,0.3,17,73
2016-01-25,80,¡º,29,110,16,0.6,40,68
2016-01-26,83,¡º,47,116,22,0.8,54,62
2016-01-27,77,¡º,47,103,24,0.8,51,37
2016-01-28,42,”≈,20,30,4,0.8,33,30
2016-01-29,39,”≈,27,39,5,0.8,30,35
2016-01-30,48,”≈,33,46,7,0.9,28,43
2016-01-31,57,¡º,40,51,9,1,30,52
2016-02-01,100,¡º,75,88,16,1,26,70
2016-02-02,115,«·∂»Œ€»æ,87,106,22,1,32,103
2016-02-03,94,¡º,70,97,17,1,38,103
2016-02-04,94,¡º,70,94,18,1.1,41,69
2016-02-05,109,«·∂»Œ€»æ,82,108,19,1,35,127
2016-02-06,83,¡º,61,114,21,0.7,28,115
2016-02-07,173,÷–∂»Œ€»æ,131,183,35,0.9,35,120
2016-02-08,315,—œ÷ÿŒ€»æ,265,260,61,1,34,124
2016-02-09,99,¡º,74,111,16,1.1,39,128
2016-02-10,85,¡º,63,104,14,1.2,42,116
2016-02-11,61,¡º,35,71,11,1,29,93
2016-02-12,65,¡º,40,80,12,1,34,80
2016-02-13,41,”≈,24,40,7,1.1,15,82
2016-02-14,41,”≈,17,28,5,0.6,10,81
2016-02-15,47,”≈,31,44,11,0.5,15,94
2016-02-16,49,”≈,23,48,12,0.6,33,98
2016-02-17,72,¡º,39,79,17,0.8,51,126
2016-02-18,77,¡º,52,100,16,1,61,122
2016-02-19,68,¡º,49,85,21,0.8,47,80
2016-02-20,118,«·∂»Œ€»æ,69,186,28,0.8,41,106
2016-02-21,118,«·∂»Œ€»æ,71,186,17,0.9,47,59
2016-02-22,63,¡º,45,67,6,1,25,58
2016-02-23,74,¡º,54,81,9,0.8,22,71
2016-02-24,114,«·∂»Œ€»æ,86,127,14,0.9,29,109
2016-02-25,139,«·∂»Œ€»æ,106,169,17,1.1,46,90
2016-02-26,76,¡º,46,101,34,0.8,45,73
2016-02-27,63,¡º,33,76,22,0.9,39,61
2016-02-28,83,¡º,44,116,38,1,49,83
2016-02-29,115,«·∂»Œ€»æ,87,134,22,0.9,36,142
2016-03-01,97,¡º,72,136,26,1.1,63,135
2016-03-02,118,«·∂»Œ€»æ,85,186,35,1.4,72,108
2016-03-03,160,÷–∂»Œ€»æ,122,243,39,1.6,80,152
2016-03-04,142,«·∂»Œ€»æ,108,191,29,1.4,63,138
2016-03-05,99,¡º,74,115,17,1,42,104
2016-03-06,180,÷–∂»Œ€»æ,136,201,24,1.3,41,169
2016-03-07,114,«·∂»Œ€»æ,86,146,19,1.4,55,98
2016-03-08,55,¡º,33,59,15,0.9,29,79
2016-03-09,41,”≈,21,30,6,0.7,18,82
2016-03-10,45,”≈,30,45,11,0.6,21,86
2016-03-11,75,¡º,55,89,21,0.8,43,116
2016-03-12,99,¡º,74,128,35,1.1,70,60
2016-03-13,87,¡º,64,91,24,0.9,40,76
2016-03-14,129,«·∂»Œ€»æ,98,128,26,1.1,37,139
2016-03-15,140,«·∂»Œ€»æ,107,150,35,1.1,54,119
2016-03-16,150,«·∂»Œ€»æ,115,191,27,1.6,81,55
2016-03-17,144,«·∂»Œ€»æ,110,185,27,1.8,81,26
2016-03-18,118,«·∂»Œ€»æ,89,141,17,1.5,60,41
2016-03-19,100,¡º,75,131,16,1.5,49,110
2016-03-20,98,¡º,73,99,16,1.4,34,72
2016-03-21,47,”≈,27,46,6,0.7,27,94
2016-03-22,48,”≈,29,48,5,0.7,26,79
2016-03-23,68,¡º,49,74,16,0.8,30,83
2016-03-24,53,¡º,23,56,14,0.5,22,96
2016-03-25,65,¡º,26,64,17,0.6,35,118
2016-03-26,72,¡º,41,93,25,0.8,47,118
2016-03-27,100,¡º,56,99,20,0.8,37,160
2016-03-28,94,¡º,58,138,42,0.9,61,142
2016-03-29,113,«·∂»Œ€»æ,74,176,80,1,78,64
2016-03-30,88,¡º,65,97,22,1,57,43
2016-03-31,99,¡º,74,114,29,1,41,104
2016-04-01,114,«·∂»Œ€»æ,86,172,24,1.5,71,125
2016-04-02,122,«·∂»Œ€»æ,92,192,36,1.4,66,129
2016-04-03,57,¡º,36,63,20,1.2,28,85
2016-04-04,46,”≈,29,44,16,0.8,22,91
2016-04-05,70,¡º,49,90,20,1.2,44,101
2016-04-06,71,¡º,44,91,25,1.3,42,89
2016-04-07,44,”≈,21,36,8,1.2,35,50
2016-04-08,64,¡º,34,57,17,1.1,42,116
2016-04-09,58,¡º,31,50,9,1,46,79
2016-04-10,68,¡º,42,86,20,1.1,48,97
2016-04-11,66,¡º,43,81,20,0.9,32,108
2016-04-12,65,¡º,40,80,14,1,36,87
2016-04-13,82,¡º,33,66,12,0.8,31,138
2016-04-14,66,¡º,39,82,17,0.9,36,84
2016-04-15,48,”≈,25,48,7,0.7,24,87
2016-04-16,46,”≈,16,33,10,0.7,23,92
2016-04-17,47,”≈,21,39,11,0.7,21,94
2016-04-18,70,¡º,25,61,12,0.7,28,123
2016-04-19,68,¡º,36,86,18,0.9,46,116
2016-04-20,54,¡º,33,56,16,1.1,43,36
2016-04-21,44,”≈,15,37,9,0.7,27,87
2016-04-22,48,”≈,24,48,14,0.9,35,66
2016-04-23,45,”≈,19,34,11,0.7,24,90
2016-04-24,47,”≈,20,33,11,0.7,18,94
2016-04-25,42,”≈,26,42,12,0.8,24,70
2016-04-26,35,”≈,18,31,8,0.9,28,47
2016-04-27,54,¡º,32,58,13,0.9,31,81
2016-04-28,80,¡º,25,55,13,0.7,25,135
2016-04-29,75,¡º,33,73,18,0.8,37,130
2016-04-30,80,¡º,45,110,40,0.8,40,124
2016-05-01,58,¡º,28,66,34,0.8,25,92
2016-05-02,48,”≈,17,48,18,0.8,23,66
2016-05-03,76,¡º,20,77,13,0.6,26,131
2016-05-04,70,¡º,32,89,22,0.8,40,106
2016-05-05,39,”≈,18,39,13,0.8,23,76
2016-05-06,55,¡º,26,60,29,0.9,30,99
2016-05-07,56,¡º,27,62,14,1,23,94
2016-05-08,52,¡º,28,54,10,0.9,22,64
2016-05-09,47,”≈,29,47,12,1,26,47
2016-05-10,50,”≈,30,50,7,0.9,25,89
2016-05-11,86,¡º,47,90,25,1,40,143
2016-05-12,79,¡º,47,107,27,1.1,50,130
2016-05-13,91,¡º,38,102,18,0.9,21,149
2016-05-14,85,¡º,63,110,18,1.1,31,134
2016-05-15,58,¡º,25,65,8,0.9,23,89
2016-05-16,66,¡º,22,66,13,0.7,26,119
2016-05-17,65,¡º,26,68,15,0.8,34,118
2016-05-18,67,¡º,35,83,28,0.9,36,96
2016-05-19,62,¡º,39,73,22,1,36,79
2016-05-20,36,”≈,20,32,6,1,22,71
2016-05-21,54,¡º,13,25,8,0.7,16,104
2016-05-22,61,¡º,16,30,10,0.7,15,113
2016-05-23,65,¡º,20,42,10,0.7,18,118
2016-05-24,52,¡º,30,53,11,0.9,29,83
2016-05-25,57,¡º,40,60,20,1.1,37,51
2016-05-26,37,”≈,18,34,6,1.1,29,50
2016-05-27,82,¡º,42,72,10,1,20,138
2016-05-28,43,”≈,28,43,8,1.2,20,86
2016-05-29,37,”≈,18,35,6,1,23,73
2016-05-30,64,¡º,38,78,20,1.1,39,98
2016-05-31,67,¡º,37,83,18,1.1,32,105
2016-06-01,49,”≈,16,44,13,0.8,16,97
2016-06-02,39,”≈,13,21,4,1,19,77
2016-06-03,29,”≈,10,21,4,0.9,22,58
2016-06-04,95,¡º,26,52,11,0.8,24,154
2016-06-05,95,¡º,35,72,13,1,32,154
2016-06-06,90,¡º,43,94,14,1,33,148
2016-06-07,79,¡º,31,67,13,1,21,134
2016-06-08,80,¡º,29,57,11,0.8,17,136
2016-06-09,92,¡º,37,63,13,1,14,150
2016-06-10,96,¡º,42,75,15,1.1,19,155
2016-06-11,40,”≈,13,25,4,0.7,18,80
2016-06-12,52,¡º,13,25,5,0.6,13,102
2016-06-13,77,¡º,22,48,9,0.7,21,132
2016-06-14,65,¡º,35,73,21,0.9,25,118
2016-06-15,35,”≈,13,33,11,0.7,18,70
2016-06-16,75,¡º,21,56,16,0.8,21,130
2016-06-17,69,¡º,22,57,29,0.7,19,122
2016-06-18,36,”≈,14,36,18,0.8,20,61
2016-06-19,28,”≈,12,26,8,0.7,19,55
2016-06-20,48,”≈,18,48,18,0.8,24,79
2016-06-21,68,¡º,18,56,26,0.7,22,121
2016-06-22,63,¡º,22,62,27,0.7,23,115
2016-06-23,63,¡º,24,72,31,0.7,23,115
2016-06-24,68,¡º,17,56,26,0.7,19,121
2016-06-25,50,”≈,16,36,8,0.6,15,100
2016-06-26,46,”≈,16,35,7,0.7,18,92
2016-06-27,51,¡º,23,51,12,0.9,24,74
2016-06-28,57,¡º,28,60,16,1,22,108
2016-06-29,30,”≈,10,26,17,0.7,18,60
2016-06-30,29,”≈,10,29,13,0.7,21,58
2016-07-01,35,”≈,11,35,19,0.6,20,46
2016-07-02,43,”≈,13,43,26,0.6,22,45
2016-07-03,36,”≈,18,36,18,0.7,24,34
2016-07-04,34,”≈,14,34,20,0.7,20,37
2016-07-05,38,”≈,15,38,10,0.7,21,72
2016-07-06,47,”≈,21,44,11,0.8,18,94
2016-07-07,65,¡º,18,43,14,0.8,20,118
2016-07-08,66,¡º,26,54,12,0.9,14,119
2016-07-09,68,¡º,21,47,10,0.8,13,121
2016-07-10,65,¡º,27,51,10,0.8,13,117
2016-07-11,51,¡º,23,43,8,0.8,15,101
2016-07-12,62,¡º,35,74,13,0.9,23,109
2016-07-13,60,¡º,26,56,20,0.8,18,112
2016-07-14,44,”≈,17,36,13,0.8,20,87
2016-07-15,49,”≈,22,49,19,0.7,17,98
2016-07-16,30,”≈,9,20,9,0.8,19,60
2016-07-17,25,”≈,10,25,10,0.8,20,48
2016-07-18,27,”≈,10,25,15,0.7,19,53
2016-07-19,45,”≈,13,39,13,0.8,21,89
2016-07-20,45,”≈,11,35,13,0.6,12,89
2016-07-21,55,¡º,15,43,18,0.6,16,106
2016-07-22,71,¡º,24,63,24,0.7,21,125
2016-07-23,75,¡º,33,83,27,0.8,25,130
2016-07-24,90,¡º,34,87,21,0.9,27,148
2016-07-25,91,¡º,45,116,16,0.9,30,149
2016-07-26,104,«·∂»Œ€»æ,47,109,16,0.8,27,164
2016-07-27,95,¡º,39,86,25,0.7,21,154
2016-07-28,85,¡º,34,81,33,0.7,20,141
2016-07-29,71,¡º,29,72,31,0.7,26,125
2016-07-30,73,¡º,31,85,17,0.7,25,127
2016-07-31,79,¡º,36,71,8,0.7,18,134
2016-08-01,60,¡º,23,53,8,0.7,14,112
2016-08-02,40,”≈,13,34,6,0.7,14,80
2016-08-03,33,”≈,10,29,5,0.8,16,66
2016-08-04,45,”≈,15,36,12,0.6,14,89
2016-08-05,52,¡º,17,39,8,0.8,18,102
2016-08-06,54,¡º,21,47,10,0.9,19,104
2016-08-07,57,¡º,26,50,10,0.8,18,108
2016-08-08,62,¡º,25,57,11,0.9,20,114
2016-08-09,77,¡º,24,46,8,0.8,14,132
2016-08-10,36,”≈,14,36,6,0.8,18,71
2016-08-11,49,”≈,16,40,9,0.8,18,98
2016-08-12,40,”≈,12,32,5,0.7,12,80
2016-08-13,40,”≈,12,35,6,0.7,14,79
2016-08-14,43,”≈,13,32,6,0.7,14,86
2016-08-15,52,¡º,21,54,8,0.8,18,102
2016-08-16,75,¡º,28,61,9,0.9,15,129
2016-08-17,80,¡º,32,67,11,0.9,16,135
2016-08-18,48,”≈,13,35,6,0.6,14,96
2016-08-19,49,”≈,14,45,15,0.6,18,97
2016-08-20,63,¡º,22,66,17,0.6,19,115
2016-08-21,70,¡º,23,50,8,1.1,13,123
2016-08-22,81,¡º,38,66,6,1.1,13,137
2016-08-23,89,¡º,38,63,7,0.9,15,146
2016-08-24,86,¡º,37,64,7,1,15,143
2016-08-25,102,«·∂»Œ€»æ,35,78,9,1.1,29,162
2016-08-26,89,¡º,34,68,8,0.8,14,146
2016-08-27,59,¡º,18,43,8,0.7,14,110
2016-08-28,88,¡º,19,49,13,0.7,19,145
2016-08-29,86,¡º,19,52,14,0.7,25,143
2016-08-30,98,¡º,28,67,15,0.8,28,157
2016-08-31,80,¡º,46,110,30,0.9,43,76
2016-09-01,50,”≈,27,50,12,0.7,20,73
2016-09-02,76,¡º,34,77,24,0.9,35,131
2016-09-03,68,¡º,38,83,13,0.8,32,121
2016-09-04,61,¡º,32,71,15,0.8,28,109
2016-09-05,63,¡º,34,76,19,0.9,30,108
2016-09-06,48,”≈,20,40,7,0.7,14,95
2016-09-07,80,¡º,15,38,10,0.7,21,136
2016-09-08,77,¡º,31,78,15,0.8,32,132
2016-09-09,92,¡º,68,124,16,0.9,27,129
2016-09-10,67,¡º,48,69,9,0.9,20,76
2016-09-11,63,¡º,45,69,8,0.9,22,57
2016-09-12,43,”≈,21,43,9,0.8,20,83
2016-09-13,69,¡º,32,68,10,0.8,24,122
2016-09-14,73,¡º,24,52,11,0.8,17,127
2016-09-15,44,”≈,23,44,10,1,16,54
2016-09-16,26,”≈,12,25,9,0.8,15,52
2016-09-17,42,”≈,14,30,10,0.7,15,83
2016-09-18,85,¡º,33,65,17,0.9,21,141
2016-09-19,90,¡º,37,75,16,0.9,20,148
2016-09-20,87,¡º,28,68,17,0.8,27,144
2016-09-21,70,¡º,37,85,20,0.9,34,123
2016-09-22,95,¡º,49,108,19,1.1,39,154
2016-09-23,98,¡º,63,146,16,1.1,49,157
2016-09-24,97,¡º,69,143,18,1.1,42,147
2016-09-25,104,«·∂»Œ€»æ,78,158,24,1.2,44,151
2016-09-26,95,¡º,55,112,21,1.2,40,153
2016-09-27,118,«·∂»Œ€»æ,47,107,24,1.1,26,179
2016-09-28,70,¡º,23,90,7,0.8,16,62
2016-09-29,24,”≈,11,21,4,0.8,19,36
2016-09-30,27,”≈,8,26,4,0.8,21,42
2016-10-01,48,”≈,23,48,11,0.9,30,52
2016-10-02,62,¡º,39,74,14,1.1,32,44
2016-10-03,47,”≈,13,31,9,1,21,93
2016-10-04,52,¡º,24,54,16,1.1,30,102
2016-10-05,85,¡º,38,70,19,1,24,142
2016-10-06,72,¡º,52,93,19,1.1,25,116
2016-10-07,43,”≈,20,39,8,0.9,19,86
2016-10-08,57,¡º,24,61,13,0.9,19,108
2016-10-09,73,¡º,28,64,16,0.9,24,127
2016-10-10,70,¡º,23,55,18,0.8,27,123
2016-10-11,74,¡º,27,63,21,0.8,24,128
2016-10-12,57,¡º,35,63,15,0.9,32,51
2016-10-13,62,¡º,40,74,24,1,32,84
2016-10-14,67,¡º,48,75,12,1,30,62
2016-10-15,69,¡º,48,87,15,1,43,76
2016-10-16,75,¡º,54,99,24,1.1,34,119
2016-10-17,61,¡º,38,71,13,1,26,85
2016-10-18,69,¡º,49,87,18,1.3,33,66
2016-10-19,65,¡º,42,80,7,1.2,32,32
2016-10-20,44,”≈,19,44,9,1,28,47
2016-10-21,53,¡º,25,55,12,1,26,56
2016-10-22,28,”≈,9,20,5,0.8,22,35
2016-10-23,35,”≈,14,35,10,1,24,59
2016-10-24,52,¡º,22,54,10,1.1,35,40
2016-10-25,48,”≈,19,48,12,1.3,38,12
2016-10-26,67,¡º,35,83,18,1.4,44,27
2016-10-27,63,¡º,25,70,18,1.5,50,41
2016-10-28,38,”≈,14,38,8,1,26,56
2016-10-29,28,”≈,10,22,6,0.8,22,47
2016-10-30,40,”≈,20,40,11,0.8,31,37
2016-10-31,45,”≈,20,44,14,1,36,30
2016-11-01,31,”≈,15,31,14,0.7,24,42
2016-11-02,48,”≈,23,48,16,0.8,32,75
2016-11-03,61,¡º,35,72,15,1,44,89
2016-11-04,90,¡º,66,130,34,1.3,62,93
2016-11-05,140,«·∂»Œ€»æ,107,193,45,1.5,74,126
2016-11-06,108,«·∂»Œ€»æ,81,128,21,1.2,52,97
2016-11-07,104,«·∂»Œ€»æ,78,111,18,1.6,43,77
2016-11-08,28,”≈,16,28,7,0.9,22,54
2016-11-09,42,”≈,29,42,11,0.7,30,47
2016-11-10,48,”≈,22,48,26,0.7,38,57
2016-11-11,67,¡º,33,84,47,1,47,68
2016-11-12,71,¡º,46,91,21,1.3,54,26
2016-11-13,35,”≈,13,26,6,1,28,11
2016-11-14,50,”≈,19,44,14,1,40,25
2016-11-15,110,«·∂»Œ€»æ,83,111,21,1.3,36,92
2016-11-16,93,¡º,69,98,10,1.2,36,43
2016-11-17,79,¡º,58,97,12,1.5,40,28
2016-11-18,72,¡º,50,93,24,2,48,20
2016-11-19,76,¡º,55,101,15,2,43,46
2016-11-20,55,¡º,32,60,15,1.7,43,22
2016-11-21,61,¡º,39,71,16,1.9,46,30
2016-11-22,33,”≈,16,30,8,1,26,42
2016-11-23,28,”≈,7,11,6,0.9,22,33
2016-11-24,32,”≈,17,32,12,0.8,25,43
2016-11-25,55,¡º,39,53,14,1,40,23
2016-11-26,53,¡º,29,56,12,0.9,42,53
2016-11-27,71,¡º,46,92,21,1.2,51,59
2016-11-28,83,¡º,44,115,25,1.1,47,91
2016-11-29,97,¡º,66,144,26,1.3,44,86
2016-11-30,94,¡º,70,129,22,1.2,39,85
2016-12-01,88,¡º,65,123,22,1,44,90
2016-12-02,95,¡º,69,139,23,1.1,52,101
2016-12-03,147,«·∂»Œ€»æ,112,195,34,1.6,79,47
2016-12-04,172,÷–∂»Œ€»æ,130,223,34,1.9,83,52
2016-12-05,180,÷–∂»Œ€»æ,136,227,31,1.9,62,71
2016-12-06,207,÷ÿ∂»Œ€»æ,157,220,23,2,62,106
2016-12-07,233,÷ÿ∂»Œ€»æ,183,284,33,2,89,96
2016-12-08,224,÷ÿ∂»Œ€»æ,174,275,42,2,90,90
2016-12-09,185,÷–∂»Œ€»æ,139,210,26,1.9,67,89
2016-12-10,123,«·∂»Œ€»æ,93,127,22,1.4,40,68
2016-12-11,94,¡º,70,117,23,1.2,50,49
2016-12-12,143,«·∂»Œ€»æ,109,171,39,1.6,61,20
2016-12-13,64,¡º,46,62,11,1.3,40,21
2016-12-14,54,¡º,38,54,12,1.1,27,38
2016-12-15,53,¡º,33,56,21,0.8,31,72
2016-12-16,92,¡º,68,113,34,1.2,54,87
2016-12-17,108,«·∂»Œ€»æ,81,146,29,1.5,70,71
2016-12-18,106,«·∂»Œ€»æ,77,161,30,1.7,75,53
2016-12-19,78,¡º,53,105,16,1.3,48,38
2016-12-20,85,¡º,63,85,11,2,55,20
2016-12-21,67,¡º,48,68,8,1.7,40,27
2016-12-22,69,¡º,48,88,13,1.5,34,86
2016-12-23,83,¡º,61,100,15,1.4,41,74
2016-12-24,79,¡º,58,93,17,1.3,41,52
2016-12-25,68,¡º,49,71,10,1.3,46,16
2016-12-26,37,”≈,11,19,5,1,29,19
2016-12-27,53,¡º,37,54,14,1,23,72
2016-12-28,74,¡º,54,72,16,1.1,36,80
2016-12-29,62,¡º,41,74,21,0.9,34,84
2016-12-30,88,¡º,65,107,21,1.2,52,70
2016-12-31,93,¡º,69,128,22,1.4,72,82
2017-01-01,139,«·∂»Œ€»æ,114,216,38,2.2,84,55
2017-01-02,133,«·∂»Œ€»æ,106,154,31,1.7,52,80
2017-01-03,196,÷–∂»Œ€»æ,147,194,34,1.9,54,78
2017-01-04,222,÷ÿ∂»Œ€»æ,173,226,35,2.2,65,73
2017-01-05,172,÷–∂»Œ€»æ,130,150,22,2.3,63,18
2017-01-06,38,”≈,15,25,9,1.2,31,24
2017-01-07,32,”≈,9,14,6,1.2,26,12
2017-01-08,32,”≈,17,32,7,1.2,23,52
2017-01-09,85,¡º,63,88,21,1.7,29,85
2017-01-10,113,«·∂»Œ€»æ,86,106,21,1.6,34,52
2017-01-11,103,«·∂»Œ€»æ,78,90,16,1.6,38,29
2017-01-12,61,¡º,44,50,10,1.5,36,38
2017-01-13,66,¡º,49,80,14,1.2,42,81
2017-01-14,93,¡º,72,109,25,1.1,37,73
2017-01-15,69,¡º,50,84,19,1,41,48
2017-01-16,68,¡º,50,87,21,1.1,39,76
2017-01-17,75,¡º,55,81,14,0.9,40,41
2017-01-18,91,¡º,68,90,16,1.2,52,17
2017-01-19,102,«·∂»Œ€»æ,78,100,11,1.1,41,23
2017-01-20,112,«·∂»Œ€»æ,84,132,17,1,29,84
2017-01-21,78,¡º,44,111,23,1,47,63
2017-01-22,93,¡º,70,122,18,1.1,46,92
2017-01-23,73,¡º,54,96,22,1.1,37,93
2017-01-24,76,¡º,56,93,16,1.1,32,90
2017-01-25,72,¡º,54,88,14,1.1,35,52
2017-01-26,86,¡º,64,97,9,1.3,33,89
2017-01-27,95,¡º,0,0,14,1.2,22,101
2017-01-28,231,÷ÿ∂»Œ€»æ,0,0,38,1.7,30,91
2017-01-29,135,«·∂»Œ€»æ,0,0,10,1.5,21,69
2017-01-30,85,¡º,63,104,9,1.3,11,87
2017-01-31,62,¡º,46,74,13,1,17,61
2017-02-01,76,¡º,56,78,10,1.1,17,52
2017-02-02,70,¡º,51,68,8,0.9,16,49
2017-02-03,112,«·∂»Œ€»æ,85,105,10,1.2,24,39
2017-02-04,78,¡º,57,70,5,1.3,27,19
2017-02-05,52,¡º,34,52,4,1.3,22,43
2017-02-06,60,¡º,44,67,10,1.4,25,52
2017-02-07,75,¡º,52,77,12,1.1,25,56
2017-02-08,25,”≈,16,22,4,0.8,17,49
2017-02-09,86,¡º,64,81,10,0.9,24,84
2017-02-10,85,¡º,63,86,16,0.9,31,107
2017-02-11,86,¡º,68,106,26,0.9,37,115
2017-02-12,151,÷–∂»Œ€»æ,115,168,24,1.4,67,113
2017-02-13,103,«·∂»Œ€»æ,77,137,18,1.4,71,111
2017-02-14,69,¡º,47,89,19,1,56,102
2017-02-15,91,¡º,60,140,28,1.5,71,103
2017-02-16,117,«·∂»Œ€»æ,88,186,33,1.9,70,129
2017-02-17,144,«·∂»Œ€»æ,112,218,19,2,50,95
2017-02-18,104,«·∂»Œ€»æ,80,125,11,1.5,34,58
2017-02-19,145,«·∂»Œ€»æ,115,201,30,1.9,57,68
2017-02-20,160,÷–∂»Œ€»æ,120,227,25,2.1,44,61
2017-02-21,71,¡º,28,90,11,0.8,23,53
2017-02-22,27,”≈,16,25,5,0.9,18,54
2017-02-23,68,¡º,50,61,12,1,19,84
2017-02-24,60,¡º,43,60,10,0.9,28,92
2017-02-25,67,¡º,49,84,19,1,46,118
2017-02-26,87,¡º,62,125,20,1.2,61,131
2017-02-27,77,¡º,54,98,22,1.1,48,133
2017-02-28,89,¡º,58,123,27,1.2,66,147
2017-03-01,98,¡º,57,143,17,1,56,99
2017-03-02,73,¡º,18,100,12,0.6,30,101
2017-03-03,92,¡º,46,137,30,1,66,79
2017-03-04,88,¡º,60,123,21,1.1,53,29
2017-03-05,63,¡º,44,61,8,1.1,26,54
2017-03-06,108,«·∂»Œ€»æ,83,116,14,1.3,27,109
2017-03-07,96,¡º,72,161,23,1.4,56,117
2017-03-08,96,¡º,72,129,20,1.3,49,138
2017-03-09,93,¡º,60,134,20,1.3,65,127
2017-03-10,62,¡º,44,62,6,1.1,34,73
2017-03-11,49,”≈,24,49,7,1.1,27,52
2017-03-12,43,”≈,22,40,6,1.2,30,51
2017-03-13,38,”≈,19,23,4,1.1,20,77
2017-03-14,49,”≈,25,49,10,0.8,21,99
2017-03-15,51,¡º,26,50,12,0.7,28,69
2017-03-16,50,”≈,27,49,10,0.8,31,100
2017-03-17,53,¡º,32,52,7,0.8,39,41
2017-03-18,46,”≈,30,41,7,1.1,38,41
2017-03-19,54,¡º,37,49,8,1.4,41,16
2017-03-20,45,”≈,13,22,5,1.3,36,42
2017-03-21,46,”≈,22,34,7,0.8,22,93
2017-03-22,43,”≈,14,21,4,1,36,55
2017-03-23,45,”≈,24,39,9,1.1,30,90
2017-03-24,35,”≈,20,26,6,1.1,28,45
2017-03-25,53,¡º,22,59,12,0.9,36,47
2017-03-26,87,¡º,37,127,19,1.1,53,120
2017-03-27,109,«·∂»Œ€»æ,61,168,31,1.4,69,128
2017-03-28,78,¡º,44,103,18,1.2,54,68
2017-03-29,47,”≈,23,48,6,0.9,39,72
2017-03-30,63,¡º,39,66,7,1.2,50,20
2017-03-31,60,¡º,20,36,8,0.7,22,113
2017-04-01,77,¡º,49,103,20,1,59,133
2017-04-02,95,¡º,64,134,29,1.1,68,144
2017-04-03,89,¡º,56,127,23,1.3,67,102
2017-04-04,82,¡º,49,108,24,1.1,52,139
2017-04-05,89,¡º,59,130,42,1,51,143
2017-04-06,74,¡º,41,91,26,1,43,78
2017-04-07,53,¡º,28,57,10,1.6,40,85
2017-04-08,63,¡º,37,75,13,1.2,40,97
2017-04-09,43,”≈,20,33,8,1.3,28,86
2017-04-10,33,”≈,9,14,6,0.9,22,67
2017-04-11,32,”≈,14,26,8,1,26,64
2017-04-12,63,¡º,25,51,12,1.1,42,116
2017-04-13,87,¡º,52,111,28,1.3,58,145
2017-04-14,83,¡º,50,117,48,1.3,58,128
2017-04-15,106,«·∂»Œ€»æ,64,162,28,1.8,67,80
2017-04-16,80,¡º,50,106,18,1.6,41,96
2017-04-17,54,¡º,18,57,12,1,25,96
2017-04-18,75,¡º,30,105,22,1,36,126
2017-04-19,94,¡º,49,136,25,1.2,47,105
2017-04-20,53,¡º,23,55,12,1,23,103
2017-04-21,60,¡º,16,68,8,0.8,22,81
2017-04-22,88,¡º,18,81,11,0.9,35,146
2017-04-23,93,¡º,47,136,19,1.3,68,148
2017-04-24,110,«·∂»Œ€»æ,58,129,21,1.3,59,172
2017-04-25,68,¡º,42,79,8,1.2,44,67
2017-04-26,50,”≈,23,44,8,0.9,18,101
2017-04-27,80,¡º,28,57,11,0.9,33,137
2017-04-28,126,«·∂»Œ€»æ,38,103,21,1.1,67,189
2017-04-29,120,«·∂»Œ€»æ,62,148,32,1.2,69,182
2017-04-30,116,«·∂»Œ€»æ,57,142,21,1.2,70,178
2017-05-01,73,¡º,47,94,9,1.1,41,78
2017-05-02,71,¡º,29,56,7,1,23,126
2017-05-03,66,¡º,43,81,9,1.2,30,102
2017-05-04,39,”≈,14,27,6,1,22,78
2017-05-05,69,¡º,20,56,10,1.1,38,123
2017-05-06,100,¡º,0,0,13,1,29,160
2017-05-07,94,¡º,0,0,10,1.2,22,126
2017-05-08,45,”≈,23,43,6,1.3,34,67
2017-05-09,90,¡º,26,73,20,1.1,35,148
2017-05-10,109,«·∂»Œ€»æ,48,126,25,1.3,60,170
2017-05-11,85,¡º,51,116,22,1.3,43,138
2017-05-12,87,¡º,11,23,7,0.8,19,145
2017-05-13,98,¡º,21,78,18,1,49,158
2017-05-14,98,¡º,40,124,22,1.3,54,158
2017-05-15,88,¡º,50,105,16,1.4,30,146
2017-05-16,103,«·∂»Œ€»æ,48,94,13,1.2,24,164
2017-05-17,142,«·∂»Œ€»æ,46,96,15,1.2,37,207
2017-05-18,124,«·∂»Œ€»æ,43,111,21,1.2,56,187
2017-05-19,78,¡º,48,107,21,1.4,63,127
2017-05-20,88,¡º,35,75,17,1.1,34,146
2017-05-21,94,¡º,41,92,16,1.3,35,153
2017-05-22,65,¡º,46,77,9,1.4,30,93
2017-05-23,44,”≈,19,40,16,1.2,25,66
2017-05-24,72,¡º,13,28,8,1,17,127
2017-05-25,129,«·∂»Œ€»æ,27,53,15,0.9,24,192
2017-05-26,110,«·∂»Œ€»æ,25,65,15,1,43,171
2017-05-27,148,«·∂»Œ€»æ,40,116,20,1.4,63,213
2017-05-28,142,«·∂»Œ€»æ,45,122,17,1.3,63,207
2017-05-29,147,«·∂»Œ€»æ,49,120,22,1.3,55,212
2017-05-30,133,«·∂»Œ€»æ,54,114,31,1.3,41,197
2017-05-31,90,¡º,66,120,54,1.6,34,136
2017-06-01,47,”≈,22,33,6,1.1,21,94
2017-06-02,70,¡º,20,41,10,0.9,18,125
2017-06-03,65,¡º,17,37,11,0.9,18,119
2017-06-04,42,”≈,9,26,8,0.9,16,85
2017-06-05,30,”≈,10,24,6,0.9,23,61
2017-06-06,38,”≈,12,30,10,1,32,58
2017-06-07,119,«·∂»Œ€»æ,21,58,16,1,34,181
2017-06-08,101,«·∂»Œ€»æ,32,76,11,1.3,43,162
2017-06-09,60,¡º,32,69,13,1.1,36,86
2017-06-10,48,”≈,14,40,16,0.8,24,96
2017-06-11,32,”≈,9,18,6,1.1,21,64
2017-06-12,28,”≈,10,18,6,1.2,22,56
2017-06-13,32,”≈,10,17,6,1,18,64
2017-06-14,32,”≈,12,24,7,0.8,22,65
2017-06-15,47,”≈,19,36,8,0.8,26,94
2017-06-16,61,¡º,14,30,7,0.8,26,114
2017-06-17,71,¡º,20,53,9,0.9,31,126
2017-06-18,39,”≈,11,34,10,0.9,26,78
2017-06-19,53,¡º,27,54,14,1.1,26,104
2017-06-20,83,¡º,49,84,21,1,32,140
2017-06-21,44,”≈,24,34,6,0.9,26,88
2017-06-22,54,¡º,18,39,13,0.8,21,105
2017-06-23,30,”≈,11,21,11,0.7,24,53
2017-06-24,38,”≈,9,16,6,0.8,34,43
2017-06-25,43,”≈,8,12,4,0.7,31,87
2017-06-26,60,¡º,17,32,9,0.9,34,113
2017-06-27,74,¡º,23,38,9,0.9,26,129
2017-06-28,47,”≈,18,32,12,0.9,28,94
2017-06-29,42,”≈,14,34,21,1.1,34,38
2017-06-30,42,”≈,15,30,9,0.9,34,50
2017-07-01,48,”≈,15,26,9,1,40,38
2017-07-02,36,”≈,14,28,15,0.8,29,35
2017-07-03,35,”≈,9,20,13,0.8,21,70
2017-07-04,43,”≈,10,28,14,0.7,21,87
2017-07-05,47,”≈,13,43,15,0.8,29,94
2017-07-06,39,”≈,13,39,15,0.7,20,77
2017-07-07,41,”≈,8,26,13,0.7,15,82
2017-07-08,44,”≈,11,34,13,0.8,17,88
2017-07-09,39,”≈,9,27,14,0.9,16,79
2017-07-10,30,”≈,11,28,13,0.9,24,52
2017-07-11,48,”≈,18,45,19,1,29,97
2017-07-12,76,¡º,31,68,21,0.9,30,132
2017-07-13,86,¡º,30,68,25,0.9,29,144
2017-07-14,80,¡º,49,93,30,1,31,137
2017-07-15,80,¡º,36,71,20,0.8,29,137
2017-07-16,78,¡º,39,79,20,0.9,28,134
2017-07-17,83,¡º,46,91,15,1.1,31,140
2017-07-18,42,”≈,17,37,15,0.8,16,85
2017-07-19,45,”≈,13,30,13,0.7,14,90
2017-07-20,57,¡º,17,42,18,0.8,18,109
2017-07-21,65,¡º,27,66,32,0.9,28,119
2017-07-22,112,«·∂»Œ€»æ,40,90,19,1.1,36,174
2017-07-23,100,¡º,43,101,14,1.2,41,161
2017-07-24,89,¡º,45,105,19,1.1,37,147
2017-07-25,101,«·∂»Œ€»æ,45,102,12,1.1,42,162
2017-07-26,87,¡º,48,110,12,1.2,38,145
2017-07-27,102,«·∂»Œ€»æ,50,101,10,1.2,29,163
2017-07-28,99,¡º,50,96,7,1.2,23,159
2017-07-29,101,«·∂»Œ€»æ,32,72,8,1.1,16,162
2017-07-30,81,¡º,20,53,7,1.1,17,138
2017-07-31,30,”≈,10,21,5,1,18,60
2017-08-01,32,”≈,10,15,5,0.9,18,65
2017-08-02,54,¡º,20,42,11,1,19,105
2017-08-03,60,¡º,21,46,18,0.9,24,112
2017-08-04,64,¡º,25,58,12,1,32,117
2017-08-05,76,¡º,34,73,9,1.1,31,132
2017-08-06,71,¡º,25,60,14,1,25,126
2017-08-07,66,¡º,23,64,26,1,24,120
2017-08-08,57,¡º,25,64,27,1,25,109
2017-08-09,44,”≈,17,42,21,1.1,23,71
2017-08-10,77,¡º,17,38,13,1,18,133
2017-08-11,36,”≈,14,34,13,0.9,23,60
2017-08-12,32,”≈,11,26,11,0.9,27,59
2017-08-13,55,¡º,12,23,8,1,22,107
2017-08-14,34,”≈,10,21,12,0.9,18,69
2017-08-15,38,”≈,11,24,14,1,24,76
2017-08-16,31,”≈,12,30,18,1,25,63
2017-08-17,47,”≈,14,44,10,1.1,32,95
2017-08-18,65,¡º,17,40,13,1,28,118
2017-08-19,65,¡º,29,70,23,1.1,34,119
2017-08-20,61,¡º,27,70,30,1.1,31,103
2017-08-21,52,¡º,14,37,7,1.1,16,103
2017-08-22,57,¡º,28,56,8,1.3,16,109
2017-08-23,44,”≈,13,34,9,1,15,88
2017-08-24,44,”≈,9,27,11,0.8,18,89
2017-08-25,53,¡º,16,57,12,1.1,28,99
2017-08-26,68,¡º,18,37,7,1.2,15,122
2017-08-27,45,”≈,19,45,10,1.2,19,87
2017-08-28,47,”≈,11,33,21,1,25,94
2017-08-29,60,¡º,16,56,13,1.1,27,113
2017-08-30,56,¡º,28,54,7,1.1,14,108
2017-08-31,64,¡º,21,44,8,1,17,117
2017-09-01,60,¡º,33,62,9,1.2,20,112
2017-09-02,75,¡º,29,56,9,1.1,17,130
2017-09-03,88,¡º,41,81,13,1.3,21,146
2017-09-04,86,¡º,48,91,10,1.4,20,144
2017-09-05,74,¡º,43,78,11,1.2,20,129
2017-09-06,53,¡º,31,54,7,1.1,22,56
2017-09-07,57,¡º,14,34,7,1.1,19,109
2017-09-08,94,¡º,21,51,12,1.3,26,153
2017-09-09,51,¡º,20,51,10,1.1,32,89
2017-09-10,47,”≈,16,40,10,0.9,22,94
2017-09-11,30,”≈,10,18,6,1,18,60
2017-09-12,43,”≈,18,37,8,1.1,19,87
2017-09-13,73,¡º,25,53,13,1.1,22,128
2017-09-14,100,¡º,30,62,13,1,21,161
2017-09-15,90,¡º,21,52,13,1,23,148
2017-09-16,106,«·∂»Œ€»æ,27,57,12,1.1,22,167
2017-09-17,96,¡º,28,65,16,1.1,29,156
2017-09-18,120,«·∂»Œ€»æ,42,97,22,1.3,48,182
2017-09-19,78,¡º,51,103,20,1.4,39,125
2017-09-20,33,”≈,21,28,5,1.1,21,67
2017-09-21,41,”≈,21,41,9,0.9,19,79
2017-09-22,55,¡º,32,60,12,1.1,26,96
2017-09-23,58,¡º,29,65,15,1.2,30,97
2017-09-24,70,¡º,37,80,14,1.3,35,125
2017-09-25,61,¡º,34,66,19,1,31,81
2017-09-26,60,¡º,18,54,28,0.9,27,113
2017-09-27,70,¡º,28,59,12,1,24,125
2017-09-28,37,”≈,11,20,6,0.9,16,75
2017-09-29,35,”≈,16,35,8,0.9,22,61
2017-09-30,90,¡º,28,60,19,1.2,33,149
2017-10-01,69,¡º,42,89,18,1.2,45,120
2017-10-02,65,¡º,37,78,25,1.2,32,115
2017-10-03,34,”≈,16,31,7,1.1,16,60
2017-10-04,23,”≈,11,19,6,0.9,16,46
2017-10-05,26,”≈,15,23,6,1.1,20,48
2017-10-06,40,”≈,16,28,9,1.1,23,81
2017-10-07,58,¡º,36,68,13,1.3,38,102
2017-10-08,74,¡º,48,84,15,1.4,36,129
2017-10-09,75,¡º,47,82,15,1.2,33,131
2017-10-10,89,¡º,43,82,15,1.2,27,147
2017-10-11,41,”≈,18,41,6,1,23,37
2017-10-12,25,”≈,8,13,6,0.8,20,51
2017-10-13,34,”≈,20,28,7,1,26,30
2017-10-14,46,”≈,22,42,9,1,23,77
2017-10-15,29,”≈,14,16,5,0.9,19,59
2017-10-16,27,”≈,8,13,4,0.9,19,55
2017-10-17,30,”≈,15,23,6,1,24,57
2017-10-18,42,”≈,22,40,9,1,26,65
2017-10-19,43,”≈,18,34,9,0.9,23,87
2017-10-20,50,”≈,27,46,12,1.1,25,101
2017-10-21,80,¡º,31,54,14,1.2,27,136
2017-10-22,96,¡º,61,96,16,1.6,36,156
2017-10-23,96,¡º,74,120,18,1.7,41,144
2017-10-24,71,¡º,45,83,14,1.4,40,110
2017-10-25,61,¡º,33,75,14,1.2,44,114
2017-10-26,75,¡º,40,101,20,1.1,48,131
2017-10-27,108,«·∂»Œ€»æ,41,89,16,1,42,169
2017-10-28,117,«·∂»Œ€»æ,65,104,19,1.2,39,179
2017-10-29,95,¡º,65,105,15,1.1,33,155
2017-10-30,61,¡º,28,71,14,0.8,35,104
2017-10-31,80,¡º,54,106,23,1.1,57,137
2017-11-01,100,¡º,73,140,19,1.3,83,152
2017-11-02,109,«·∂»Œ€»æ,86,158,18,1.5,92,145
2017-11-03,110,«·∂»Œ€»æ,74,129,16,1.3,52,172
2017-11-04,83,¡º,61,96,12,1.1,30,103
2017-11-05,73,¡º,48,83,16,1,52,128
2017-11-06,102,«·∂»Œ€»æ,84,140,22,1.4,87,81
2017-11-07,203,÷ÿ∂»Œ€»æ,176,238,34,1.9,95,53
2017-11-08,170,÷–∂»Œ€»æ,134,186,19,1.6,71,142
2017-11-09,139,«·∂»Œ€»æ,114,166,18,1.5,70,162
2017-11-10,160,÷–∂»Œ€»æ,121,142,10,1.6,67,63
2017-11-11,95,¡º,70,115,15,1.2,44,57
2017-11-12,56,¡º,39,62,12,1.1,43,53
2017-11-13,80,¡º,58,73,11,1.3,48,29
2017-11-14,77,¡º,59,75,10,1.3,41,59
2017-11-15,135,«·∂»Œ€»æ,108,141,16,1.6,58,37
2017-11-16,101,«·∂»Œ€»æ,76,100,14,1.5,53,36
2017-11-17,48,”≈,21,20,5,1.3,38,22
2017-11-18,36,”≈,20,35,6,0.9,25,53
2017-11-19,44,”≈,25,44,10,0.7,34,46
2017-11-20,58,¡º,43,54,9,1,39,52
2017-11-21,72,¡º,54,73,12,1.1,49,33
2017-11-22,66,¡º,48,78,15,1,49,75
2017-11-23,70,¡º,41,90,16,0.8,53,93
2017-11-24,85,¡º,41,96,22,0.9,69,95
2017-11-25,101,«·∂»Œ€»æ,61,133,30,1.3,83,30
2017-11-26,91,¡º,70,134,30,1.4,70,97
2017-11-27,93,¡º,66,119,24,1.5,75,43
2017-11-28,95,¡º,71,115,19,1.5,60,47
2017-11-29,98,¡º,75,92,8,1.5,52,28
2017-11-30,68,¡º,28,31,5,1.1,33,21
2017-12-01,37,”≈,35,55,9,0.9,40,0
2017-12-02,64,¡º,44,78,14,1,51,0
2017-12-03,77,¡º,40,73,11,1,55,0
2017-12-04,88,¡º,64,97,18,1.5,49,0
2017-12-05,200,÷–∂»Œ€»æ,120,151,13,1.7,52,0
2017-12-06,147,«·∂»Œ€»æ,89,133,21,1.2,69,0
2017-12-07,104,«·∂»Œ€»æ,77,122,20,0.9,56,0
2017-12-08,93,¡º,68,107,16,1.4,44,0
2017-12-09,75,¡º,53,107,21,0.9,65,0
2017-12-10,127,«·∂»Œ€»æ,69,148,24,1.9,68,0
2017-12-11,83,¡º,44,107,26,1,55,0
2017-12-12,84,¡º,61,108,24,1.2,60,0
2017-12-13,92,¡º,66,96,12,1,54,29
2017-12-14,47,”≈,19,19,4,0.9,38,26
2017-12-15,40,”≈,16,14,5,1,32,17
2017-12-16,55,¡º,32,40,6,1.2,30,54
2017-12-17,89,¡º,64,82,11,1.2,36,83
2017-12-18,73,¡º,53,82,18,1.2,57,82
2017-12-19,70,¡º,44,74,20,1,56,70
2017-12-20,89,¡º,52,94,21,1.4,71,54
2017-12-21,98,¡º,72,133,22,1.7,78,63
2017-12-22,124,«·∂»Œ€»æ,94,159,34,1.9,88,64
2017-12-23,137,«·∂»Œ€»æ,103,170,30,1.9,96,21
2017-12-24,82,¡º,60,101,19,1.2,46,98
2017-12-25,66,¡º,37,82,16,1,47,90
2017-12-26,82,¡º,46,92,22,1,65,75
2017-12-27,89,¡º,66,115,24,1.2,71,38
2017-12-28,103,«·∂»Œ€»æ,77,89,9,1.2,63,21
2017-12-29,62,¡º,44,48,7,1,34,61
2017-12-30,102,«·∂»Œ€»æ,76,121,14,1.2,40,68
2017-12-31,102,«·∂»Œ€»æ,75,144,21,1.2,56,108
2018-01-01,86,¡º,58,121,17,1,63,55
2018-01-02,77,¡º,56,94,16,1.1,56,57
2018-01-03,49,”≈,34,43,5,0.9,34,38
2018-01-04,34,”≈,7,6,3,0.6,27,25
2018-01-05,34,”≈,19,24,6,0.7,27,36
2018-01-06,48,”≈,27,30,5,1,38,13
2018-01-07,37,”≈,23,25,5,1,29,40
2018-01-08,72,¡º,52,66,11,0.9,28,79
2018-01-09,73,¡º,49,90,28,1,58,54
2018-01-10,84,¡º,45,103,30,1.2,67,62
2018-01-11,79,¡º,31,91,15,0.8,63,68
2018-01-12,65,¡º,37,80,14,0.7,47,78
2018-01-13,75,¡º,44,89,21,0.9,60,59
2018-01-14,92,¡º,51,111,37,1.1,73,41
2018-01-15,98,¡º,64,134,37,1.5,78,18
2018-01-16,72,¡º,48,93,18,1.2,56,34
2018-01-17,93,¡º,69,98,14,1.3,52,47
2018-01-18,105,«·∂»Œ€»æ,79,110,13,1.4,46,52
2018-01-19,148,«·∂»Œ€»æ,113,135,13,1.7,54,52
2018-01-20,119,«·∂»Œ€»æ,90,104,11,1.9,59,35
2018-01-21,77,¡º,56,58,9,2.2,61,8
2018-01-22,68,¡º,39,52,10,1.6,54,36
2018-01-23,85,¡º,63,96,11,1.4,55,42
2018-01-24,70,¡º,51,64,6,1.1,43,17
2018-01-25,37,”≈,11,11,5,0.8,29,36
2018-01-26,32,”≈,20,21,7,0.8,25,44
2018-01-27,38,”≈,21,22,7,0.9,30,48
2018-01-28,46,”≈,32,33,6,0.9,22,47
2018-01-29,68,¡º,49,57,8,1,23,105
2018-01-30,99,¡º,74,90,12,1.3,32,96
2018-01-31,99,¡º,74,97,15,1.1,38,90
2018-02-01,84,¡º,62,91,14,1,57,101
2018-02-02,75,¡º,55,95,19,0.8,46,100
2018-02-03,59,¡º,21,68,9,0.6,24,73
2018-02-04,58,¡º,35,66,12,0.9,33,68
2018-02-05,63,¡º,40,73,18,1.1,50,72
2018-02-06,83,¡º,48,101,15,1.2,66,85
2018-02-07,89,¡º,50,96,15,1,71,92
2018-02-08,74,¡º,54,94,16,1.1,58,101
2018-02-09,90,¡º,66,126,15,1.5,72,36
2018-02-10,114,«·∂»Œ€»æ,86,117,12,1.6,45,78
2018-02-11,105,«·∂»Œ€»æ,70,159,10,1.5,45,100
2018-02-12,105,«·∂»Œ€»æ,56,160,11,1.4,55,118
2018-02-13,94,¡º,59,138,14,1.4,62,118
2018-02-14,83,¡º,58,116,13,1.4,53,66
2018-02-15,97,¡º,72,114,11,1.2,25,72
2018-02-16,97,¡º,72,88,7,1.2,20,42
2018-02-17,108,«·∂»Œ€»æ,81,104,5,1.4,24,40
2018-02-18,88,¡º,65,86,6,1.2,22,63
2018-02-19,32,”≈,22,29,4,1.1,17,57
2018-02-20,25,”≈,12,16,5,1,18,37
2018-02-21,36,”≈,25,29,4,1,16,61
2018-02-22,42,”≈,29,38,5,0.9,24,68
2018-02-23,53,¡º,34,55,8,1.2,38,82
2018-02-24,45,”≈,24,33,5,1,36,38
2018-02-25,72,¡º,52,68,6,1,31,82
2018-02-26,62,¡º,32,61,8,1.3,49,80
2018-02-27,64,¡º,33,70,12,1.4,51,50
2018-02-28,48,”≈,15,29,6,1,28,96
2018-03-01,51,¡º,26,52,10,1.2,38,94
2018-03-02,75,¡º,55,70,6,1.3,24,80
2018-03-03,79,¡º,58,76,8,1.6,44,63
2018-03-04,52,¡º,30,51,11,1.4,41,73
2018-03-05,30,”≈,12,19,5,1,17,60
2018-03-06,36,”≈,22,36,6,0.8,24,53
2018-03-07,33,”≈,10,13,5,0.7,26,46
2018-03-08,41,”≈,13,22,5,0.5,19,82
2018-03-09,55,¡º,27,57,6,0.6,37,106
2018-03-10,85,¡º,42,101,13,0.9,68,109
2018-03-11,100,¡º,44,110,15,1.1,80,70
2018-03-12,93,¡º,47,131,20,1.3,74,111
2018-03-13,122,«·∂»Œ€»æ,79,193,25,1.7,99,43
2018-03-14,65,¡º,47,67,8,1.3,52,76
2018-03-15,53,¡º,36,52,12,1,36,103
2018-03-16,32,”≈,17,32,4,0.8,21,63
2018-03-17,54,¡º,36,58,6,1.2,39,32
2018-03-18,50,”≈,19,25,6,1.3,40,26
2018-03-19,35,”≈,9,13,4,1,28,39
2018-03-20,39,”≈,17,24,5,0.8,26,78
2018-03-21,55,¡º,36,56,7,0.8,34,106
2018-03-22,82,¡º,39,91,22,1,65,103
2018-03-23,100,¡º,48,149,18,1.3,71,114
2018-03-24,103,«·∂»Œ€»æ,51,123,12,1.4,86,25
2018-03-25,78,¡º,41,73,9,1.3,62,50
2018-03-26,72,¡º,45,93,10,1.3,50,110
2018-03-27,78,¡º,53,106,18,1.4,61,124
2018-03-28,92,¡º,51,119,20,1.5,73,128
2018-03-29,93,¡º,54,131,16,1.4,74,89
2018-03-30,95,¡º,53,108,17,1.4,51,154
2018-03-31,104,«·∂»Œ€»æ,65,119,17,1.5,50,164
2018-04-01,97,¡º,62,143,21,1.6,70,152
2018-04-02,71,¡º,49,91,14,1.5,48,103
2018-04-03,56,¡º,35,62,12,1.1,44,92
2018-04-04,52,¡º,33,54,8,1,38,59
2018-04-05,38,”≈,24,34,6,0.8,30,49
2018-04-06,70,¡º,20,89,7,0.5,24,86
2018-04-07,91,¡º,27,131,10,0.5,34,115
2018-04-08,84,¡º,29,117,33,0.7,59,119
2018-04-09,93,¡º,46,125,36,1.1,74,134
2018-04-10,123,«·∂»Œ€»æ,40,108,38,0.9,54,185
2018-04-11,70,¡º,40,90,32,1,44,120
2018-04-12,57,¡º,39,63,12,1.2,36,88
2018-04-13,42,”≈,24,28,7,1.5,33,40
2018-04-14,40,”≈,11,17,6,1,20,80
2018-04-15,80,¡º,27,110,11,0.9,32,123
2018-04-16,97,¡º,35,144,14,0.9,46,111
2018-04-17,100,¡º,47,149,20,1,56,150
2018-04-18,89,¡º,41,127,24,1,70,142
2018-04-19,95,¡º,45,140,28,1.2,70,147
2018-04-20,78,¡º,38,106,23,1.2,50,115
2018-04-21,48,”≈,22,47,13,1.2,38,79
2018-04-22,47,”≈,18,47,15,1.2,34,81
2018-04-23,29,”≈,10,15,6,1.1,19,58
2018-04-24,53,¡º,13,29,6,1,19,103
2018-04-25,90,¡º,18,44,8,0.8,23,147
2018-04-26,63,¡º,33,76,18,1,43,101
2018-04-27,70,¡º,41,86,18,1.1,45,123
2018-04-28,78,¡º,44,105,18,1.3,58,130
2018-04-29,65,¡º,39,79,22,1.3,41,67
2018-04-30,44,”≈,17,40,13,1.2,35,76
2018-05-01,40,”≈,13,30,12,1,32,74
2018-05-02,64,¡º,20,43,8,1,26,116
2018-05-03,78,¡º,14,53,9,0.8,37,133
2018-05-04,75,¡º,31,99,23,1,59,128
2018-05-05,59,¡º,34,68,18,1.1,35,86
2018-05-06,35,”≈,8,27,13,0.8,23,70
2018-05-07,39,”≈,7,13,6,1,21,78
2018-05-08,70,¡º,10,26,8,0.8,22,123
2018-05-09,98,¡º,16,56,11,0.9,28,157
2018-05-10,80,¡º,24,76,16,1,39,135
2018-05-11,45,”≈,16,45,13,1,31,90
2018-05-12,46,”≈,17,46,11,1.2,35,83
2018-05-13,66,¡º,22,55,11,1.5,35,119
2018-05-14,59,¡º,24,61,16,1.2,35,110
2018-05-15,65,¡º,12,44,14,0.9,22,117
2018-05-16,68,¡º,10,46,19,0.8,25,121
2018-05-17,85,¡º,15,55,21,0.8,26,142
2018-05-18,64,¡º,20,71,16,1,34,116
2018-05-19,58,¡º,7,17,7,0.8,22,109
2018-05-20,58,¡º,8,30,8,1.1,19,109
2018-05-21,45,”≈,10,35,8,1.2,19,89
2018-05-22,36,”≈,10,36,7,1,17,71
2018-05-23,61,¡º,21,72,9,1,22,95
2018-05-24,80,¡º,19,59,14,1.2,35,136
2018-05-25,84,¡º,26,83,18,1.2,38,140
2018-05-26,39,”≈,9,28,11,1.1,22,78
2018-05-27,61,¡º,22,72,8,1.1,22,85
2018-05-28,95,¡º,40,140,15,1,37,136
2018-05-29,88,¡º,45,121,26,1.3,41,145
2018-05-30,59,¡º,25,68,8,1,23,75
2018-05-31,49,”≈,8,15,6,0.8,21,97
2018-06-01,64,¡º,8,27,8,0.9,25,116
2018-06-02,66,¡º,10,31,7,0.7,28,119
2018-06-03,65,¡º,12,41,8,1,29,117
2018-06-04,50,”≈,15,50,9,1,32,90
2018-06-05,49,”≈,8,22,5,0.9,27,97
2018-06-06,43,”≈,10,37,9,1.2,33,86
2018-06-07,43,”≈,10,38,10,1,34,60
2018-06-08,34,”≈,5,15,6,0.7,27,39
2018-06-09,40,”≈,7,21,6,0.9,24,80
2018-06-10,85,¡º,11,33,6,0.9,22,142
2018-06-11,140,«·∂»Œ€»æ,20,67,10,1,50,204
2018-06-12,83,¡º,25,87,11,1,54,139
2018-06-13,55,¡º,9,28,6,0.6,26,106
2018-06-14,78,¡º,9,40,7,0.9,27,133
2018-06-15,122,«·∂»Œ€»æ,17,64,8,1,27,184
2018-06-16,128,«·∂»Œ€»æ,21,67,8,1,29,190
2018-06-17,111,«·∂»Œ€»æ,22,69,9,1.2,27,172
2018-06-18,76,¡º,16,56,8,1,25,131
2018-06-19,71,¡º,16,56,10,1,24,125
2018-06-20,33,”≈,10,20,6,0.9,20,66
2018-06-21,43,”≈,10,30,6,0.9,20,85
2018-06-22,43,”≈,13,36,10,1,21,86
2018-06-23,39,”≈,12,35,5,1.2,24,78
2018-06-24,42,”≈,11,38,8,1.2,28,83
2018-06-25,36,”≈,7,31,9,1,25,71
2018-06-26,42,”≈,6,28,14,0.9,21,84
2018-06-27,64,¡º,7,42,18,1,24,116
2018-06-28,49,”≈,8,47,16,1,25,97
2018-06-29,51,¡º,7,45,18,1,24,101
2018-06-30,41,”≈,8,27,7,1.4,23,81
2018-07-01,34,”≈,8,26,8,1.4,22,67
2018-07-02,40,”≈,13,40,7,1.2,28,60
2018-07-03,48,”≈,10,48,10,1.2,28,96
2018-07-04,60,¡º,13,55,5,1,29,111
2018-07-05,67,¡º,16,62,13,1,27,120
2018-07-06,33,”≈,10,23,5,1,22,66
2018-07-07,39,”≈,7,16,4,1,17,77
2018-07-08,35,”≈,6,23,9,0.9,19,70
2018-07-09,55,¡º,9,38,17,1,27,106
2018-07-10,60,¡º,13,59,10,1,30,111
2018-07-11,69,¡º,11,45,6,1,18,122
2018-07-12,38,”≈,6,17,7,0.9,14,76
2018-07-13,51,¡º,9,37,11,1,28,101
2018-07-14,44,”≈,7,26,12,0.9,20,88
2018-07-15,57,¡º,15,59,10,1,25,108
2018-07-16,60,¡º,21,70,10,1,30,78
2018-07-17,60,¡º,21,71,10,1,31,92
2018-07-18,46,”≈,8,46,9,1,25,84
2018-07-19,45,”≈,8,43,10,1,22,90
2018-07-20,56,¡º,9,43,11,1.2,22,107
2018-07-21,79,¡º,10,51,7,1.4,23,134
2018-07-22,59,¡º,14,54,8,1.2,17,110
2018-07-23,58,¡º,17,63,11,1.2,32,109
2018-07-24,55,¡º,12,85,11,1,27,99
2018-07-25,54,¡º,7,37,15,0.7,21,104
2018-07-26,62,¡º,11,62,15,0.9,26,114
2018-07-27,54,¡º,16,60,12,1,30,92
2018-07-28,50,”≈,14,50,8,1,29,83
2018-07-29,49,”≈,13,43,8,1,28,98
2018-07-30,77,¡º,16,44,11,1,22,132
2018-07-31,98,¡º,19,44,8,1.2,23,157
2018-08-01,48,”≈,16,44,8,1,33,96
2018-08-02,73,¡º,20,45,9,1,24,127
2018-08-03,63,¡º,23,52,6,1.2,32,115
2018-08-04,63,¡º,29,58,13,1,22,115
2018-08-05,57,¡º,27,53,12,1,23,108
2018-08-06,66,¡º,22,50,18,1,22,119
2018-08-07,70,¡º,30,80,9,1.2,31,124
2018-08-08,69,¡º,35,91,6,1.2,40,118
2018-08-09,82,¡º,31,73,5,1.2,25,138
2018-08-10,62,¡º,31,72,7,1.2,35,104
2018-08-11,95,¡º,35,82,8,1.2,33,153
2018-08-12,122,«·∂»Œ€»æ,36,77,7,1.2,17,184
2018-08-13,47,”≈,17,35,6,1,17,93
2018-08-14,52,¡º,16,33,6,0.9,18,102
2018-08-15,52,¡º,10,28,4,0.7,17,102
2018-08-16,46,”≈,15,37,4,0.7,18,92
2018-08-17,38,”≈,11,25,4,0.7,14,75
2018-08-18,51,¡º,11,32,10,0.9,16,101
2018-08-19,73,¡º,21,50,14,1,22,127
2018-08-20,57,¡º,17,56,8,0.9,28,108
2018-08-21,70,¡º,12,32,7,0.7,18,124
2018-08-22,75,¡º,25,50,6,1,16,130
2018-08-23,87,¡º,17,42,6,0.9,13,144
2018-08-24,132,«·∂»Œ€»æ,21,52,10,1,17,195
2018-08-25,86,¡º,31,57,8,1.2,21,143
2018-08-26,55,¡º,28,44,6,1.2,17,106
2018-08-27,59,¡º,20,38,6,1,15,110
2018-08-28,48,”≈,16,35,7,1,16,96
2018-08-29,42,”≈,9,24,11,1,16,84
2018-08-30,37,”≈,7,16,7,0.9,14,73
2018-08-31,27,”≈,8,19,9,0.9,17,54
2018-09-01,39,”≈,9,25,13,0.9,15,78
2018-09-02,46,”≈,13,34,12,0.9,19,92
2018-09-03,52,¡º,20,54,18,1,30,84
2018-09-04,94,¡º,21,63,7,1,26,152
2018-09-05,87,¡º,23,75,9,1,29,144
2018-09-06,139,«·∂»Œ€»æ,30,84,11,1.2,27,202
2018-09-07,58,¡º,21,56,8,0.9,16,109
2018-09-08,68,¡º,16,50,10,0.7,20,121
2018-09-09,94,¡º,18,48,8,0.7,24,152
2018-09-10,69,¡º,16,40,9,0.6,19,122
2018-09-11,88,¡º,22,52,10,0.7,21,145
2018-09-12,65,¡º,24,54,10,0.9,20,117
2018-09-13,56,¡º,24,54,10,0.9,21,107
2018-09-14,60,¡º,25,53,8,1,21,111
2018-09-15,78,¡º,29,61,8,1,17,133
2018-09-16,70,¡º,35,71,8,1,17,124
2018-09-17,43,”≈,19,38,6,0.9,15,86
2018-09-18,36,”≈,9,24,6,0.7,21,72
2018-09-19,53,¡º,18,55,9,1,35,79
2018-09-20,58,¡º,24,65,8,1,30,102
2018-09-21,43,”≈,16,36,6,1.2,17,85
2018-09-22,51,¡º,16,36,8,1,20,101
2018-09-23,53,¡º,25,60,11,1,28,85
2018-09-24,90,¡º,28,61,11,1,21,147
2018-09-25,76,¡º,23,55,9,0.7,16,131
2018-09-26,42,”≈,18,41,6,0.7,22,68
2018-09-27,58,¡º,18,41,8,0.7,22,109
2018-09-28,82,¡º,20,49,9,0.7,21,138
2018-09-29,91,¡º,24,60,8,0.6,27,149
2018-09-30,99,¡º,26,76,10,0.7,45,158
2018-10-01,85,¡º,20,75,10,0.7,30,142
2018-10-02,93,¡º,17,56,11,0.7,24,151
2018-10-03,101,«·∂»Œ€»æ,22,61,12,0.9,27,161
2018-10-04,120,«·∂»Œ€»æ,28,68,13,1,25,181
2018-10-05,103,«·∂»Œ€»æ,28,68,11,1,25,163
2018-10-06,125,«·∂»Œ€»æ,32,76,12,0.9,43,187
2018-10-07,123,«·∂»Œ€»æ,38,86,16,1.2,42,185
2018-10-08,135,«·∂»Œ€»æ,47,98,16,1.2,34,198
2018-10-09,72,¡º,46,66,6,1,27,126
2018-10-10,64,¡º,38,77,9,0.9,36,66
2018-10-11,60,¡º,19,52,12,0.5,34,112
2018-10-12,72,¡º,23,59,11,0.6,36,126
2018-10-13,65,¡º,36,79,12,0.9,48,116
2018-10-14,40,”≈,29,41,4,0.9,28,62
2018-10-15,55,¡º,39,51,5,1,30,34
2018-10-16,41,”≈,25,41,6,0.6,23,73
2018-10-17,56,¡º,35,62,8,0.9,30,104
2018-10-18,67,¡º,39,71,10,0.9,26,120
2018-10-19,56,¡º,31,62,10,0.7,31,55
2018-10-20,44,”≈,29,44,5,0.6,27,45
2018-10-21,32,”≈,20,29,4,0.6,25,38
2018-10-22,35,”≈,15,27,5,0.7,28,32
2018-10-23,53,¡º,25,55,8,0.9,38,93
2018-10-24,67,¡º,34,84,12,1,45,86
2018-10-25,58,¡º,39,65,11,0.9,39,25
2018-10-26,54,¡º,16,56,7,0.6,24,104
2018-10-27,67,¡º,20,84,13,0.6,40,98
2018-10-28,88,¡º,36,126,28,1,61,98
2018-10-29,88,¡º,39,126,18,1,68,90
2018-10-30,80,¡º,29,90,17,1,64,120
2018-10-31,66,¡º,30,81,17,0.9,44,117
2018-11-01,69,¡º,38,77,10,0.9,27,122
2018-11-02,59,¡º,33,68,10,0.9,37,72
2018-11-03,42,”≈,21,42,9,0.7,30,70
2018-11-04,57,¡º,33,64,10,1,41,38
2018-11-05,57,¡º,32,63,8,1.2,39,30
2018-11-06,47,”≈,29,47,6,1.2,29,18
2018-11-07,32,”≈,7,11,5,0.9,25,14
2018-11-08,37,”≈,10,23,6,0.9,29,23
2018-11-09,54,¡º,23,50,12,1.2,43,62
2018-11-10,65,¡º,25,51,7,1,52,20
2018-11-11,38,”≈,18,26,4,1,30,32
2018-11-12,45,”≈,31,45,5,1,30,59
2018-11-13,40,”≈,23,40,7,1,32,29
2018-11-14,37,”≈,18,32,6,0.9,29,30
2018-11-15,49,”≈,34,46,5,1,34,28
2018-11-16,38,”≈,26,37,5,0.9,29,48
2018-11-17,38,”≈,21,32,5,0.9,30,37
2018-11-18,33,”≈,9,12,4,0.9,26,20
2018-11-19,38,”≈,16,32,7,1,30,39
2018-11-20,47,”≈,20,36,8,1,37,20
2018-11-21,38,”≈,22,38,5,0.9,24,50
2018-11-22,94,¡º,70,99,9,0.9,34,114
2018-11-23,94,¡º,70,126,17,1,67,95
2018-11-24,82,¡º,60,106,15,1.2,55,80
2018-11-25,76,¡º,52,102,14,1.2,56,80
2018-11-26,87,¡º,59,124,12,1.2,63,99
2018-11-27,86,¡º,54,121,10,1.2,61,89
2018-11-28,87,¡º,49,123,10,1.2,62,85
2018-11-29,96,¡º,64,142,17,1.4,68,75
2018-11-30,81,¡º,56,112,17,1.2,63,78
2018-12-01,139,«·∂»Œ€»æ,106,161,10,1.9,50,91
2018-12-02,113,«·∂»Œ€»æ,85,140,7,1.9,55,21
2018-12-03,52,¡º,29,54,7,1.5,35,26
2018-12-04,45,”≈,12,20,4,1.9,27,15
2018-12-05,40,”≈,21,40,4,1,26,12
2018-12-06,27,”≈,6,10,4,0.7,21,30
2018-12-07,23,”≈,10,18,3,0.9,18,41
2018-12-08,30,”≈,21,28,4,0.7,24,33
2018-12-09,48,”≈,33,44,5,1,32,21
2018-12-10,42,”≈,24,33,4,1.2,33,10
2018-12-11,39,”≈,24,33,4,1.2,31,23
2018-12-12,109,«·∂»Œ€»æ,82,106,10,1,32,53
2018-12-13,125,«·∂»Œ€»æ,95,116,9,1.2,40,70
2018-12-14,110,«·∂»Œ€»æ,83,110,13,1.4,42,46
2018-12-15,89,¡º,66,92,6,1.4,47,8
2018-12-16,61,¡º,38,71,14,1.4,44,33
2018-12-17,95,¡º,71,136,17,1.7,60,43
2018-12-18,120,«·∂»Œ€»æ,91,174,28,1.7,78,64
2018-12-19,113,«·∂»Œ€»æ,77,175,19,1.5,75,7
2018-12-20,52,¡º,36,53,6,1,37,27
2018-12-21,54,¡º,36,57,8,1.2,38,29
2018-12-22,54,¡º,38,56,5,1,30,61
2018-12-23,53,¡º,33,56,6,1,20,84
2018-12-24,97,¡º,72,115,10,1.2,36,48
2018-12-25,92,¡º,68,120,11,1.4,42,34
2018-12-26,35,”≈,20,35,4,1,22,32
2018-12-27,28,”≈,13,20,3,1,17,56
2018-12-28,54,¡º,36,58,5,0.9,18,76
2018-12-29,57,¡º,24,64,7,0.6,18,46
2018-12-30,53,¡º,34,55,5,1,23,29
2018-12-31,52,¡º,36,45,5,1,19,35
