date,AQI,质量等级,PM2.5,PM10,SO2,CO,NO2,O3_8h
2014-01-01,149,轻度污染,114,162,62,1.5,41,13
2014-01-02,176,中度污染,133,186,62,1.3,40,15
2014-01-03,209,重度污染,159,230,56,1.6,52,29
2014-01-04,206,重度污染,156,226,42,1.7,55,40
2014-01-05,210,重度污染,160,214,37,1.6,47,33
2014-01-06,202,重度污染,152,207,41,1.8,44,7
2014-01-07,159,中度污染,121,160,49,1.4,38,11
2014-01-08,118,轻度污染,89,110,44,1.2,36,9
2014-01-09,117,轻度污染,89,114,40,1.3,36,9
2014-01-10,97,良,73,95,31,1.3,36,12
2014-01-11,111,轻度污染,84,114,43,1.5,39,9
2014-01-12,122,轻度污染,92,119,39,1.6,37,7
2014-01-13,107,轻度污染,81,112,40,1.4,39,36
2014-01-14,105,轻度污染,79,113,31,1.5,41,43
2014-01-15,136,轻度污染,103,158,49,1.6,50,24
2014-01-16,198,中度污染,149,195,56,1.7,43,11
2014-01-17,190,中度污染,143,194,56,1.7,53,20
2014-01-18,164,中度污染,125,178,37,1.6,48,47
2014-01-19,203,重度污染,153,208,51,1.6,44,32
2014-01-20,153,中度污染,117,174,46,1.5,44,44
2014-01-21,177,中度污染,134,183,31,1.4,41,28
2014-01-22,143,轻度污染,109,174,38,1.4,56,49
2014-01-23,162,中度污染,123,204,68,1.7,73,32
2014-01-24,197,中度污染,148,226,70,1.7,69,50
2014-01-25,201,重度污染,151,220,65,1.6,63,47
2014-01-26,221,重度污染,171,235,50,1.9,59,40
2014-01-27,182,中度污染,137,185,37,1.8,48,23
2014-01-28,239,重度污染,189,247,64,2,48,13
2014-01-29,232,重度污染,182,238,45,2,48,27
2014-01-30,201,重度污染,151,210,30,1.8,38,35
2014-01-31,248,重度污染,198,266,28,1.7,31,28
2014-02-01,224,重度污染,174,233,27,1.8,35,35
2014-02-02,194,中度污染,146,198,24,1.8,32,49
2014-02-03,173,中度污染,131,175,24,2.1,35,38
2014-02-04,140,轻度污染,107,144,21,1.9,28,53
2014-02-05,65,良,47,66,19,1.9,24,56
2014-02-06,47,优,33,43,15,1.6,18,22
2014-02-07,55,良,39,52,14,1.1,22,9
2014-02-08,53,良,37,49,13,1.1,19,14
2014-02-09,26,优,18,25,12,0.9,18,23
2014-02-10,63,良,46,59,23,1.2,20,45
2014-02-11,86,良,64,82,33,1.2,25,38
2014-02-12,87,良,65,84,30,1,24,56
2014-02-13,97,良,73,99,37,1,30,63
2014-02-14,117,轻度污染,89,121,45,1.1,37,50
2014-02-15,123,轻度污染,93,130,40,1.1,40,37
2014-02-16,138,轻度污染,105,147,47,1.1,40,31
2014-02-17,160,中度污染,122,164,40,1.2,36,28
2014-02-18,65,良,47,65,25,1.1,26,24
2014-02-19,78,良,58,82,28,1.2,34,55
2014-02-20,81,良,60,82,35,1.1,34,44
2014-02-21,154,中度污染,118,172,67,1.5,56,32
2014-02-22,189,中度污染,142,197,66,1.5,52,23
2014-02-23,223,重度污染,173,242,80,1.7,52,20
2014-02-24,193,中度污染,145,202,52,1.8,50,8
2014-02-25,140,轻度污染,107,151,39,1.6,41,14
2014-02-26,97,良,73,109,33,1.4,42,14
2014-02-27,84,良,63,88,30,1.4,39,10
2014-02-28,51,良,33,52,20,1.1,29,14
2014-03-01,51,良,32,52,35,1.3,32,9
2014-03-02,42,优,28,42,27,1.3,30,11
2014-03-03,56,良,38,63,30,1.1,32,31
2014-03-04,66,良,48,79,43,1.2,35,39
2014-03-05,80,良,59,99,33,1.2,38,46
2014-03-06,71,良,52,80,28,0.9,31,48
2014-03-07,50,优,28,50,23,0.9,29,62
2014-03-08,59,良,38,68,48,1,35,41
2014-03-09,82,良,60,100,41,1.1,36,74
2014-03-10,87,良,65,109,49,1.2,41,88
2014-03-11,85,良,63,103,51,1.1,40,94
2014-03-12,107,轻度污染,81,128,74,1.1,43,73
2014-03-13,91,良,68,110,34,1.2,36,44
2014-03-14,59,良,38,69,23,0.8,31,37
2014-03-15,69,良,51,80,34,1.2,39,45
2014-03-16,81,良,60,102,38,1.2,42,116
2014-03-17,94,良,70,119,50,1.3,53,109
2014-03-18,136,轻度污染,104,164,66,1.4,57,137
2014-03-19,143,轻度污染,109,180,78,1.6,56,106
2014-03-20,43,优,28,43,11,0.8,18,82
2014-03-21,39,优,26,39,20,0.8,28,39
2014-03-22,57,良,40,65,40,1,36,22
2014-03-23,76,良,56,92,77,1.2,44,13
2014-03-24,90,良,67,105,44,1.3,43,9
2014-03-25,94,良,70,106,43,1.3,48,56
2014-03-26,95,良,71,113,41,1.2,49,108
2014-03-27,115,轻度污染,87,136,56,1.4,60,78
2014-03-28,92,良,69,102,34,1.3,45,50
2014-03-29,68,良,50,78,22,1.2,35,110
2014-03-30,40,优,26,40,11,0.8,27,79
2014-03-31,55,良,39,56,18,0.9,33,73
2014-04-01,46,优,33,43,16,1,37,42
2014-04-02,55,良,39,58,25,1,33,76
2014-04-03,75,良,55,87,34,1.2,49,58
2014-04-04,90,良,67,94,35,1.1,40,67
2014-04-05,77,良,57,72,23,1.1,36,54
2014-04-06,63,良,46,62,20,1,30,72
2014-04-07,69,良,50,78,30,1.2,40,84
2014-04-08,88,良,66,102,39,1.4,47,114
2014-04-09,72,良,52,89,42,1.3,46,68
2014-04-10,90,良,67,101,34,1.5,45,43
2014-04-11,81,良,60,86,25,1.4,39,28
2014-04-12,59,良,39,66,25,1.3,33,111
2014-04-13,44,优,27,44,24,1.2,25,81
2014-04-14,48,优,26,48,24,1.1,30,64
2014-04-15,53,良,33,55,25,1.2,29,68
2014-04-16,70,良,51,87,34,1.3,37,94
2014-04-17,71,良,52,85,30,1.2,29,113
2014-04-18,71,良,52,81,20,1.1,29,97
2014-04-19,38,优,20,38,15,1.1,24,65
2014-04-20,31,优,18,31,14,1.2,22,41
2014-04-21,30,优,19,30,13,1.1,24,39
2014-04-22,48,优,28,48,28,1.1,33,60
2014-04-23,53,良,29,56,26,1.1,38,61
2014-04-24,65,良,45,81,38,1.1,43,61
2014-04-25,54,良,33,57,23,1,34,50
2014-04-26,73,良,49,97,24,0.8,29,26
2014-04-27,60,良,43,71,18,0.9,28,74
2014-04-28,55,良,39,58,18,1.1,39,54
2014-04-29,63,良,43,75,19,0.9,34,90
2014-04-30,78,良,53,104,24,1.1,46,134
2014-05-01,78,良,49,96,22,0.9,39,133
2014-05-02,81,良,57,112,18,0.9,29,86
2014-05-03,37,优,26,37,11,0.9,26,29
2014-05-04,33,优,22,33,14,0.9,27,48
2014-05-05,57,良,32,63,27,0.9,37,79
2014-05-06,67,良,32,68,26,0.8,36,120
2014-05-07,97,良,46,96,33,0.9,50,156
2014-05-08,92,良,68,124,34,1.2,55,107
2014-05-09,137,轻度污染,105,165,32,1.3,46,34
2014-05-10,60,良,43,64,13,1,29,33
2014-05-11,69,良,30,58,21,0.9,32,123
2014-05-12,66,良,45,81,28,1.2,45,92
2014-05-13,82,良,60,101,28,1.3,40,40
2014-05-14,62,良,43,74,17,1,29,83
2014-05-15,61,良,36,72,27,0.9,36,58
2014-05-16,59,良,42,67,15,0.9,33,59
2014-05-17,75,良,51,88,22,1,34,130
2014-05-18,96,良,57,96,22,1.1,37,155
2014-05-19,92,良,69,103,16,1.2,34,130
2014-05-20,90,良,67,104,16,1.2,35,96
2014-05-21,39,优,24,39,10,0.8,29,56
2014-05-22,56,良,36,62,18,1.2,32,41
2014-05-23,55,良,33,60,17,1.2,36,32
2014-05-24,69,良,50,88,21,1.3,40,49
2014-05-25,66,良,43,83,13,1.2,31,40
2014-05-26,56,良,32,62,10,0.8,25,42
2014-05-27,75,良,53,99,19,1,36,83
2014-05-28,87,良,63,125,17,1.1,39,82
2014-05-29,85,良,62,120,19,1.2,41,100
2014-05-30,89,良,66,120,31,1.3,42,95
2014-05-31,58,良,40,65,22,0.9,27,78
2014-06-01,105,轻度污染,42,73,16,0.9,27,165
2014-06-02,88,良,44,68,9,1,33,146
2014-06-03,78,良,29,43,7,0.9,16,133
2014-06-04,68,良,49,75,16,1.2,33,99
2014-06-05,74,良,54,81,14,1.2,29,32
2014-06-06,47,优,29,47,13,0.9,23,70
2014-06-07,59,良,42,68,19,1,31,91
2014-06-08,70,良,51,77,15,1.1,33,66
2014-06-09,56,良,40,59,8,1.2,31,46
2014-06-10,40,优,25,40,11,1,33,39
2014-06-11,52,良,32,53,20,0.9,29,67
2014-06-12,63,良,45,71,21,0.9,30,46
2014-06-13,49,优,32,49,10,1,31,32
2014-06-14,46,优,29,46,10,1,32,40
2014-06-15,58,良,41,66,10,1.2,37,53
2014-06-16,60,良,42,69,12,1.3,36,106
2014-06-17,145,轻度污染,50,85,22,1.3,46,210
2014-06-18,133,轻度污染,53,99,17,1.2,43,196
2014-06-19,65,良,43,80,13,1.2,47,100
2014-06-20,44,优,27,44,6,1,30,36
2014-06-21,37,优,22,35,9,0.7,25,74
2014-06-22,39,优,25,39,11,0.8,29,59
2014-06-23,37,优,23,37,10,1,32,42
2014-06-24,45,优,30,45,13,1,28,42
2014-06-25,31,优,18,31,11,1,29,31
2014-06-26,54,良,35,58,15,1.3,43,38
2014-06-27,84,良,43,79,13,1.5,49,141
2014-06-28,63,良,42,77,15,1.3,46,100
2014-06-29,24,优,13,22,5,0.9,28,47
2014-06-30,30,优,18,30,7,1.1,33,36
2014-07-01,32,优,19,32,8,0.9,31,39
2014-07-02,86,良,30,51,10,1.1,35,143
2014-07-03,53,良,25,44,9,1,37,103
2014-07-04,84,良,26,44,9,0.8,30,141
2014-07-05,99,良,41,73,14,1.1,39,159
2014-07-06,67,良,32,64,13,1,35,120
2014-07-07,102,轻度污染,53,91,15,1.1,33,162
2014-07-08,121,轻度污染,50,86,15,1,29,183
2014-07-09,76,良,36,69,14,0.8,30,131
2014-07-10,63,良,38,76,12,0.9,28,107
2014-07-11,46,优,20,39,10,0.7,18,92
2014-07-12,41,优,20,41,12,0.8,27,75
2014-07-13,109,轻度污染,31,59,16,0.9,27,170
2014-07-14,77,良,25,47,11,0.8,35,132
2014-07-15,59,良,35,68,22,0.9,43,62
2014-07-16,116,轻度污染,41,76,18,1,33,178
2014-07-17,123,轻度污染,46,88,24,1,36,185
2014-07-18,69,良,23,49,20,0.8,27,123
2014-07-19,45,优,20,45,15,0.8,23,90
2014-07-20,39,优,15,38,11,0.7,21,78
2014-07-21,48,优,18,44,17,0.7,23,96
2014-07-22,85,良,23,57,23,0.7,30,142
2014-07-23,172,中度污染,40,86,31,0.8,35,237
2014-07-24,101,轻度污染,29,59,14,0.7,25,161
2014-07-25,141,轻度污染,35,69,20,0.8,34,205
2014-07-26,140,轻度污染,42,85,27,0.8,37,204
2014-07-27,88,良,35,64,22,0.7,25,146
2014-07-28,89,良,34,65,23,0.8,28,147
2014-07-29,88,良,30,66,23,0.8,32,146
2014-07-30,106,轻度污染,28,61,24,0.7,30,167
2014-07-31,100,良,35,77,27,0.8,30,160
2014-08-01,63,良,24,49,15,0.8,27,116
2014-08-02,101,轻度污染,32,62,16,0.9,32,161
2014-08-03,103,轻度污染,39,71,22,0.9,32,163
2014-08-04,97,良,39,76,19,0.9,31,156
2014-08-05,122,轻度污染,40,72,24,0.9,37,184
2014-08-06,93,良,34,65,21,0.8,34,151
2014-08-07,136,轻度污染,34,68,24,0.8,27,200
2014-08-08,104,轻度污染,28,51,9,0.8,21,164
2014-08-09,67,良,31,53,8,1,23,120
2014-08-10,48,优,24,45,13,1,20,96
2014-08-11,40,优,15,26,6,1.1,21,79
2014-08-12,24,优,11,19,7,0.8,20,48
2014-08-13,83,良,18,39,12,0.8,26,140
2014-08-14,117,轻度污染,40,76,21,1,43,179
2014-08-15,73,良,46,91,27,1,50,127
2014-08-16,64,良,45,78,23,0.9,38,92
2014-08-17,59,良,41,67,15,1,30,62
2014-08-18,50,优,29,50,11,1.1,26,100
2014-08-19,78,良,29,52,15,1,27,133
2014-08-20,97,良,42,75,20,1,39,156
2014-08-21,102,轻度污染,41,75,22,0.9,37,162
2014-08-22,65,良,47,78,16,0.9,30,110
2014-08-23,41,优,26,41,8,0.8,25,56
2014-08-24,64,良,45,77,18,1.1,43,70
2014-08-25,83,良,47,82,19,1.2,41,140
2014-08-26,56,良,35,61,14,1,34,99
2014-08-27,23,优,13,23,8,0.8,27,38
2014-08-28,40,优,23,40,9,1,34,35
2014-08-29,48,优,27,47,15,1,28,96
2014-08-30,83,良,29,57,16,1,30,139
2014-08-31,53,良,30,53,11,0.9,29,104
2014-09-01,49,优,27,49,8,1,29,47
2014-09-02,36,优,19,36,11,0.9,27,52
2014-09-03,59,良,39,67,20,1.1,36,88
2014-09-04,33,优,19,33,11,0.8,29,61
2014-09-05,60,良,30,57,20,1,33,112
2014-09-06,65,良,43,79,25,1.2,37,115
2014-09-07,74,良,54,85,15,1.2,25,80
2014-09-08,88,良,57,100,16,1.3,28,145
2014-09-09,90,良,67,115,17,1.3,30,142
2014-09-10,100,良,59,97,13,1.1,30,160
2014-09-11,73,良,52,95,17,1.1,34,122
2014-09-12,62,良,40,74,11,1,27,80
2014-09-13,42,优,23,42,10,1,21,29
2014-09-14,32,优,17,32,9,0.9,20,27
2014-09-15,28,优,14,28,9,0.9,16,21
2014-09-16,44,优,25,44,11,1,26,33
2014-09-17,35,优,20,35,9,1.2,22,22
2014-09-18,14,优,9,14,7,1.1,22,17
2014-09-19,42,优,25,42,10,1.2,34,32
2014-09-20,68,良,36,65,14,1.5,37,121
2014-09-21,72,良,32,68,18,1.2,38,126
2014-09-22,67,良,31,71,18,0.9,43,120
2014-09-23,78,良,57,92,21,1,41,81
2014-09-24,59,良,42,65,12,0.9,34,88
2014-09-25,77,良,57,91,19,1.1,45,74
2014-09-26,99,良,74,112,16,1,45,48
2014-09-27,90,良,67,94,12,1.1,34,24
2014-09-28,77,良,57,88,12,1.1,36,30
2014-09-29,68,良,46,87,15,1.2,42,101
2014-09-30,56,良,34,63,14,1.1,37,67
2014-10-01,56,良,38,61,12,1,36,46
2014-10-02,53,良,33,55,11,1,31,88
2014-10-03,56,良,32,62,13,1,37,66
2014-10-04,44,优,25,44,8,0.9,32,60
2014-10-05,70,良,51,88,14,1.1,39,102
2014-10-06,77,良,57,101,20,1.1,48,114
2014-10-07,71,良,52,91,20,1,44,125
2014-10-08,78,良,57,99,20,1,50,124
2014-10-09,94,良,70,119,26,1.1,53,122
2014-10-10,93,良,69,116,26,1,53,117
2014-10-11,98,良,74,122,23,1,55,150
2014-10-12,59,良,38,69,21,0.6,30,82
2014-10-13,59,良,42,59,19,0.7,28,19
2014-10-14,99,良,74,96,29,0.8,42,39
2014-10-15,177,中度污染,134,171,31,1.1,46,19
2014-10-16,103,轻度污染,77,97,13,1.1,33,11
2014-10-17,52,良,37,44,12,1.1,31,10
2014-10-18,80,良,59,66,13,1.2,32,10
2014-10-19,93,良,69,78,15,1.2,38,15
2014-10-20,132,轻度污染,101,121,13,1.6,53,29
2014-10-21,124,轻度污染,94,138,15,1.4,51,69
2014-10-22,85,良,63,107,15,1.1,47,80
2014-10-23,86,良,64,100,17,1,42,51
2014-10-24,138,轻度污染,105,153,17,1.3,50,83
2014-10-25,206,重度污染,156,208,23,1.3,61,79
2014-10-26,193,中度污染,145,210,26,1.4,68,77
2014-10-27,213,重度污染,163,237,27,1.5,65,42
2014-10-28,82,良,60,80,9,1,35,34
2014-10-29,55,良,39,59,11,1.2,38,36
2014-10-30,67,良,49,77,13,1.3,43,19
2014-10-31,79,良,58,87,20,1.3,39,15
2014-11-01,54,良,38,53,13,1,28,14
2014-11-02,47,优,32,47,12,0.7,29,28
2014-11-03,76,良,56,83,21,0.9,37,19
2014-11-04,97,良,73,112,21,1.1,45,11
2014-11-05,129,轻度污染,98,136,23,0.9,44,60
2014-11-06,165,中度污染,125,179,18,1.2,52,26
2014-11-07,97,良,73,96,10,0.8,44,29
2014-11-08,85,良,63,87,18,0.7,35,23
2014-11-09,81,良,60,93,17,0.8,40,18
2014-11-10,120,轻度污染,91,142,16,0.9,39,10
2014-11-11,170,中度污染,129,185,19,1,36,16
2014-11-12,192,中度污染,145,196,16,1.2,40,6
2014-11-13,148,轻度污染,113,152,13,1,37,23
2014-11-14,183,中度污染,138,201,17,1,43,16
2014-11-15,194,中度污染,146,205,17,1,42,10
2014-11-16,153,中度污染,117,154,13,0.9,37,12
2014-11-17,144,轻度污染,110,147,14,0.9,39,24
2014-11-18,129,轻度污染,98,145,21,0.8,44,10
2014-11-19,187,中度污染,141,217,29,1.1,60,30
2014-11-20,149,轻度污染,114,174,23,1.2,57,14
2014-11-21,172,中度污染,130,188,30,1.3,54,5
2014-11-22,105,轻度污染,79,105,18,1.1,45,8
2014-11-23,94,良,71,93,14,1.2,43,7
2014-11-24,78,良,58,82,13,1.2,35,9
2014-11-25,55,良,39,59,11,1.4,44,22
2014-11-26,67,良,48,70,15,1.4,41,12
2014-11-27,82,良,61,88,16,1.4,41,31
2014-11-28,94,良,70,108,19,1.5,50,16
2014-11-29,59,良,42,58,10,1.4,33,7
2014-11-30,66,良,48,65,12,1.4,31,6
2014-12-01,55,良,39,59,13,1.3,37,10
2014-12-02,59,良,42,63,13,1.2,31,5
2014-12-03,78,良,58,79,13,1.2,42,7
2014-12-04,71,良,52,71,14,1.1,36,7
2014-12-05,120,轻度污染,91,111,22,1.2,43,12
2014-12-06,161,中度污染,123,144,25,1.3,52,7
2014-12-07,171,中度污染,130,153,25,1.2,49,29
2014-12-08,174,中度污染,132,154,22,1.3,56,24
2014-12-09,147,轻度污染,113,131,22,1.1,54,29
2014-12-10,103,轻度污染,77,89,16,1,36,32
2014-12-11,82,良,61,71,13,0.9,38,26
2014-12-12,111,轻度污染,84,97,19,1,42,15
2014-12-13,133,轻度污染,102,120,18,1.3,42,6
2014-12-14,143,轻度污染,109,126,25,1.3,45,6
2014-12-15,190,中度污染,143,167,30,1.3,48,9
2014-12-16,132,轻度污染,100,124,22,1,48,27
2014-12-17,131,轻度污染,100,122,31,1,54,16
2014-12-18,223,重度污染,173,201,48,1.5,68,4
2014-12-19,168,中度污染,128,175,30,1.4,53,26
2014-12-20,157,中度污染,120,193,26,1.5,39,20
2014-12-21,126,轻度污染,95,114,24,1.5,39,16
2014-12-22,86,良,64,76,19,1.7,32,19
2014-12-23,145,轻度污染,111,140,36,1.6,39,32
2014-12-24,145,轻度污染,111,140,24,2,30,17
2014-12-25,116,轻度污染,88,103,34,1.9,33,7
2014-12-26,72,良,53,70,19,1.6,35,10
2014-12-27,89,良,67,83,22,1.6,30,9
2014-12-28,110,轻度污染,83,108,26,1.7,34,30
2014-12-29,124,轻度污染,94,122,18,1.8,34,40
2014-12-30,141,轻度污染,108,137,23,1.6,39,26
2014-12-31,150,轻度污染,115,159,28,1.8,34,11
2015-01-01,192,中度污染,145,197,32,2.1,24,8
2015-01-02,221,重度污染,171,237,33,2.3,20,5
2015-01-03,230,重度污染,180,249,38,2.5,37,5
2015-01-04,262,重度污染,212,293,41,2.2,47,5
2015-01-05,164,中度污染,125,161,19,1.6,36,14
2015-01-06,82,良,61,86,15,1,34,30
2015-01-07,83,良,62,87,15,1.1,37,36
2015-01-08,93,良,69,88,13,1.1,40,26
2015-01-09,121,轻度污染,92,129,21,1.3,42,8
2015-01-10,125,轻度污染,95,131,22,1.3,45,20
2015-01-11,130,轻度污染,99,137,32,1.3,53,26
2015-01-12,144,轻度污染,110,156,27,1.4,52,33
2015-01-13,123,轻度污染,94,146,26,1.3,61,40
2015-01-14,184,中度污染,139,206,34,1.5,68,28
2015-01-15,218,重度污染,168,236,39,1.6,66,10
2015-01-16,238,重度污染,188,248,42,1.5,66,13
2015-01-17,225,重度污染,175,233,31,1.5,63,12
2015-01-18,180,中度污染,136,176,28,1.3,52,21
2015-01-19,182,中度污染,137,189,27,1.4,54,11
2015-01-20,197,中度污染,148,209,29,1.5,67,33
2015-01-21,175,中度污染,133,195,34,1.4,72,61
2015-01-22,140,轻度污染,107,169,24,1.3,79,53
2015-01-23,175,中度污染,133,208,37,1.4,83,34
2015-01-24,202,重度污染,152,219,35,1.4,65,33
2015-01-25,242,重度污染,192,278,40,1.7,76,10
2015-01-26,242,重度污染,192,258,29,1.8,60,10
2015-01-27,173,中度污染,131,174,19,1.8,51,8
2015-01-28,50,优,35,47,9,1.3,34,23
2015-01-29,50,优,35,48,10,1.2,32,16
2015-01-30,54,良,38,53,12,1.1,36,19
2015-01-31,62,良,45,63,25,1,36,33
2015-02-01,52,良,34,54,22,0.9,34,33
2015-02-02,77,良,56,84,19,1,40,32
2015-02-03,96,良,72,106,23,1.2,51,28
2015-02-04,128,轻度污染,97,148,32,1.4,64,18
2015-02-05,101,轻度污染,76,107,19,1.1,51,40
2015-02-06,98,良,74,112,20,1.1,60,36
2015-02-07,146,轻度污染,112,159,27,1.2,61,24
2015-02-08,181,中度污染,137,188,21,1.4,57,15
2015-02-09,125,轻度污染,95,134,24,1.2,64,26
2015-02-10,144,轻度污染,110,164,30,1.2,72,22
2015-02-11,183,中度污染,138,200,30,1.4,72,64
2015-02-12,148,轻度污染,113,161,20,1.2,63,91
2015-02-13,190,中度污染,143,203,26,1.5,86,57
2015-02-14,191,中度污染,143,194,27,1.5,71,51
2015-02-15,184,中度污染,139,183,21,1.4,51,71
2015-02-16,171,中度污染,130,171,17,1.5,55,49
2015-02-17,102,轻度污染,76,108,14,1.1,29,72
2015-02-18,110,轻度污染,83,112,16,1,30,82
2015-02-19,145,轻度污染,111,143,18,1,23,68
2015-02-20,73,良,53,72,8,1.1,23,58
2015-02-21,87,良,65,87,12,1.3,23,37
2015-02-22,56,良,40,55,7,1.1,20,35
2015-02-23,47,优,32,47,8,0.9,20,39
2015-02-24,56,良,40,59,10,1,25,38
2015-02-25,59,良,43,59,9,1.1,23,55
2015-02-26,50,优,33,50,10,1.1,29,32
2015-02-27,37,优,21,37,8,0.9,20,43
2015-02-28,28,优,19,28,6,1,22,37
2015-03-01,45,优,27,45,9,1,28,36
2015-03-02,54,良,34,57,14,1.1,32,32
2015-03-03,64,良,46,78,21,1.3,44,39
2015-03-04,78,良,49,107,16,1.2,41,52
2015-03-05,68,良,34,86,12,0.9,26,58
2015-03-06,65,良,44,79,14,1,38,74
2015-03-07,63,良,45,77,16,1,42,92
2015-03-08,67,良,46,84,17,0.9,39,98
2015-03-09,86,良,64,120,19,1.3,71,58
2015-03-10,91,良,68,119,21,1.2,56,60
2015-03-11,100,良,75,122,22,1,58,56
2015-03-12,102,轻度污染,77,123,27,1,50,113
2015-03-13,115,轻度污染,87,140,34,1.1,69,94
2015-03-14,107,轻度污染,81,121,19,1.1,69,44
2015-03-15,112,轻度污染,85,121,21,1.3,57,92
2015-03-16,90,良,67,101,17,1.2,45,69
2015-03-17,97,良,72,110,18,1.2,46,70
2015-03-18,95,良,71,105,19,1.3,40,58
2015-03-19,47,优,27,47,11,1.3,37,43
2015-03-20,42,优,26,42,16,1.1,34,57
2015-03-21,50,优,27,50,15,1.2,38,97
2015-03-22,56,良,36,62,16,1.2,48,79
2015-03-23,68,良,48,85,25,1.3,46,92
2015-03-24,65,良,44,81,19,1,53,69
2015-03-25,63,良,40,76,17,1,44,115
2015-03-26,61,良,37,72,19,1.1,48,105
2015-03-27,55,良,41,70,15,1.1,46,69
2015-03-28,52,良,35,55,15,1.2,45,63
2015-03-29,72,良,53,79,13,1.3,59,94
2015-03-30,60,良,43,71,16,1.2,47,103
2015-03-31,66,良,45,81,18,1.1,47,110
2015-04-01,85,良,53,95,22,1.1,53,142
2015-04-02,70,良,34,90,13,0.8,37,123
2015-04-03,108,轻度污染,40,92,22,1,54,169
2015-04-04,79,良,36,66,12,0.9,25,135
2015-04-05,53,良,22,35,6,0.9,22,103
2015-04-06,31,优,20,31,7,1.2,30,28
2015-04-07,23,优,13,19,5,1.1,25,45
2015-04-08,32,优,20,28,8,1,25,64
2015-04-09,40,优,25,40,8,1.1,41,56
2015-04-10,65,良,47,76,16,1.2,53,92
2015-04-11,89,良,67,93,17,1.1,56,63
2015-04-12,67,良,46,83,16,1,51,106
2015-04-13,82,良,45,115,15,1,65,105
2015-04-14,66,良,29,82,19,0.8,49,113
2015-04-15,82,良,40,70,14,0.8,43,138
2015-04-16,88,良,53,96,15,0.9,57,146
2015-04-17,111,轻度污染,84,143,28,1.2,64,151
2015-04-18,80,良,59,89,13,1,35,95
2015-04-19,36,优,15,29,8,0.7,28,72
2015-04-20,68,良,31,55,18,0.9,40,122
2015-04-21,62,良,44,74,23,1,52,88
2015-04-22,70,良,51,71,13,0.8,42,59
2015-04-23,65,良,47,65,12,0.9,45,34
2015-04-24,75,良,55,78,14,1,51,85
2015-04-25,75,良,55,86,15,1,59,121
2015-04-26,81,良,59,101,23,1.1,69,114
2015-04-27,105,轻度污染,69,113,26,1.1,62,165
2015-04-28,130,轻度污染,88,139,27,1.1,66,193
2015-04-29,125,轻度污染,88,151,27,1.2,69,188
2015-04-30,70,良,48,89,21,0.9,48,115
2015-05-01,38,优,21,36,7,0.6,22,76
2015-05-02,57,良,25,50,14,0.8,35,108
2015-05-03,51,良,28,51,9,0.8,42,85
2015-05-04,47,优,27,47,9,0.7,28,57
2015-05-05,54,良,32,58,11,0.8,37,50
2015-05-06,73,良,50,82,13,0.9,40,127
2015-05-07,63,良,42,76,16,0.9,44,100
2015-05-08,66,良,30,64,11,0.7,34,119
2015-05-09,94,良,41,84,18,0.9,55,153
2015-05-10,75,良,38,76,18,0.9,43,130
2015-05-11,68,良,20,60,12,0.6,25,121
2015-05-12,77,良,37,104,22,0.8,59,91
2015-05-13,85,良,49,120,26,0.9,65,61
2015-05-14,85,良,63,117,15,1.1,63,84
2015-05-15,81,良,60,89,8,1,48,63
2015-05-16,54,良,34,58,11,0.9,43,45
2015-05-17,60,良,43,71,12,1,44,48
2015-05-18,93,良,63,95,10,1,44,151
2015-05-19,81,良,60,104,14,1.1,56,103
2015-05-20,65,良,40,80,18,1,49,100
2015-05-21,73,良,51,96,14,1,47,98
2015-05-22,55,良,39,59,6,0.9,31,62
2015-05-23,51,良,31,51,9,0.9,33,58
2015-05-24,78,良,32,56,13,1,32,133
2015-05-25,48,优,25,45,9,0.9,34,95
2015-05-26,50,优,30,51,7,0.9,37,52
2015-05-27,72,良,52,91,12,1.2,55,91
2015-05-28,89,良,67,105,14,1.4,70,62
2015-05-29,54,良,33,58,9,0.9,39,94
2015-05-30,73,良,40,72,16,0.9,52,128
2015-05-31,79,良,41,72,14,1,46,135
2015-06-01,49,优,31,49,5,1,36,86
2015-06-02,79,良,58,81,7,1.1,44,67
2015-06-03,47,优,30,47,6,1,33,30
2015-06-04,42,优,25,42,6,0.9,34,60
2015-06-05,51,良,31,52,12,1,41,101
2015-06-06,57,良,38,65,11,1,47,67
2015-06-07,49,优,33,49,7,0.9,33,44
2015-06-08,55,良,39,58,9,1,38,63
2015-06-09,69,良,31,52,11,0.9,37,123
2015-06-10,104,轻度污染,46,81,12,1,50,164
2015-06-11,78,良,58,102,15,1,45,128
2015-06-12,68,良,46,87,14,0.9,35,90
2015-06-13,35,优,22,35,5,0.8,29,52
2015-06-14,58,良,41,65,10,1,41,83
2015-06-15,62,良,45,68,9,1.1,38,66
2015-06-16,48,优,31,48,7,1,35,47
2015-06-17,55,良,39,59,6,1,41,57
2015-06-18,66,良,47,71,7,1.2,48,44
2015-06-19,57,良,40,64,9,1.3,40,65
2015-06-20,56,良,38,62,7,1.1,46,37
2015-06-21,48,优,31,48,8,0.9,26,91
2015-06-22,47,优,21,43,11,0.9,27,93
2015-06-23,42,优,17,42,10,0.8,28,56
2015-06-24,61,良,38,72,8,1,36,45
2015-06-25,61,良,41,71,8,1.1,33,86
2015-06-26,56,良,35,62,7,0.9,28,76
2015-06-27,63,良,32,66,11,0.8,29,115
2015-06-28,61,良,37,71,8,0.8,28,99
2015-06-29,58,良,35,65,7,0.8,33,60
2015-06-30,33,优,19,33,5,0.8,25,32
2015-07-01,38,优,23,38,6,0.9,24,45
2015-07-02,56,良,36,63,8,1,40,36
2015-07-03,45,优,27,45,5,0.8,30,44
2015-07-04,33,优,20,33,5,0.6,24,42
2015-07-05,35,优,21,35,6,0.7,28,50
2015-07-06,59,良,38,63,9,0.9,35,111
2015-07-07,77,良,45,77,12,0.9,45,132
2015-07-08,79,良,48,85,14,0.9,41,135
2015-07-09,71,良,50,83,12,0.9,39,125
2015-07-10,98,良,63,97,12,0.9,34,157
2015-07-11,103,轻度污染,77,124,15,1.1,46,142
2015-07-12,75,良,55,98,15,0.9,38,99
2015-07-13,74,良,52,97,16,1,42,95
2015-07-14,87,良,65,99,12,1,39,47
2015-07-15,46,优,29,46,6,0.8,24,75
2015-07-16,87,良,47,78,13,1,43,144
2015-07-17,98,良,66,112,22,1.2,54,157
2015-07-18,81,良,60,107,18,1,47,124
2015-07-19,84,良,60,108,20,1.1,50,141
2015-07-20,72,良,51,93,17,1,43,108
2015-07-21,80,良,59,107,19,1.2,52,93
2015-07-22,59,良,42,60,5,1,32,57
2015-07-23,69,良,50,73,9,1.2,42,85
2015-07-24,80,良,44,70,14,1,41,135
2015-07-25,107,轻度污染,57,94,17,1.2,51,167
2015-07-26,98,良,73,120,16,1.3,59,127
2015-07-27,67,良,44,73,16,1.1,43,120
2015-07-28,68,良,48,86,18,1,46,92
2015-07-29,51,良,29,52,12,0.7,27,75
2015-07-30,47,优,22,47,13,0.7,27,92
2015-07-31,55,良,29,59,14,0.7,30,102
2015-08-01,55,良,28,59,16,0.7,30,96
2015-08-02,47,优,24,47,16,0.6,22,92
2015-08-03,43,优,19,43,13,0.6,22,70
2015-08-04,57,良,22,48,15,0.6,24,108
2015-08-05,66,良,28,49,8,0.7,24,119
2015-08-06,90,良,38,67,11,0.9,38,147
2015-08-07,59,良,40,68,14,0.9,38,83
2015-08-08,52,良,36,53,7,0.9,33,42
2015-08-09,60,良,43,66,11,0.9,23,76
2015-08-10,73,良,53,81,12,1,33,121
2015-08-11,85,良,63,104,13,1.1,47,87
2015-08-12,56,良,39,62,9,0.9,29,95
2015-08-13,60,良,36,62,13,0.9,36,112
2015-08-14,71,良,44,75,14,0.9,38,125
2015-08-15,69,良,50,78,13,1,34,100
2015-08-16,80,良,59,90,11,1.1,40,94
2015-08-17,44,优,29,44,5,1,32,29
2015-08-18,32,优,22,30,6,0.8,25,35
2015-08-19,32,优,13,20,4,0.8,25,53
2015-08-20,64,良,28,48,8,0.9,43,116
2015-08-21,125,轻度污染,42,75,12,1,52,187
2015-08-22,126,轻度污染,59,100,17,1.2,59,188
2015-08-23,88,良,62,103,15,1.2,57,145
2015-08-24,85,良,63,99,16,1.2,53,121
2015-08-25,67,良,48,62,10,1,39,54
2015-08-26,57,良,39,63,13,1,45,95
2015-08-27,79,良,58,86,12,1.3,57,51
2015-08-28,79,良,58,83,11,1.2,42,95
2015-08-29,85,良,63,94,11,1.2,50,135
2015-08-30,93,良,55,87,14,1.1,54,151
2015-08-31,100,良,64,101,18,1.2,53,159
2015-09-01,102,轻度污染,72,107,15,1.2,48,162
2015-09-02,82,良,60,89,12,1.2,48,130
2015-09-03,63,良,45,66,9,1.1,35,97
2015-09-04,53,良,34,56,12,1,32,80
2015-09-05,43,优,29,43,6,1.2,34,34
2015-09-06,40,优,24,40,10,0.9,30,68
2015-09-07,80,良,29,56,13,1,44,136
2015-09-08,58,良,37,65,13,1,38,99
2015-09-09,73,良,53,85,15,1.2,42,97
2015-09-10,79,良,58,89,16,1.3,43,105
2015-09-11,30,优,21,30,6,1,24,48
2015-09-12,41,优,12,22,9,0.8,32,82
2015-09-13,60,良,23,42,17,1.1,48,47
2015-09-14,63,良,33,58,17,1.1,50,94
2015-09-15,68,良,49,84,25,1.1,53,81
2015-09-16,84,良,62,88,15,1.1,45,81
2015-09-17,57,良,40,55,8,1,40,44
2015-09-18,50,优,19,29,7,1.1,40,29
2015-09-19,53,良,15,23,5,1.3,42,20
2015-09-20,50,优,21,32,10,1.3,40,65
2015-09-21,63,良,27,49,16,1.4,50,48
2015-09-22,63,良,43,61,11,1.2,50,33
2015-09-23,58,良,41,59,12,1.1,36,100
2015-09-24,42,优,18,30,7,1,33,58
2015-09-25,53,良,20,33,10,1,42,27
2015-09-26,55,良,27,40,10,1.1,44,24
2015-09-27,43,优,20,32,10,1.1,34,21
2015-09-28,47,优,17,29,8,1.2,37,21
2015-09-29,52,良,28,49,11,1.3,41,14
2015-09-30,65,良,47,76,11,1.3,37,107
2015-10-01,45,优,22,45,9,0.8,28,60
2015-10-02,54,良,22,57,16,0.9,37,81
2015-10-03,54,良,35,57,10,0.9,35,48
2015-10-04,42,优,26,37,7,0.9,33,35
2015-10-05,50,优,27,43,8,1,40,37
2015-10-06,59,良,42,60,11,1.2,45,32
2015-10-07,74,良,54,79,14,1.3,49,101
2015-10-08,83,良,61,90,13,1.4,50,55
2015-10-09,72,良,52,87,15,1.2,45,34
2015-10-10,66,良,44,81,19,1,51,62
2015-10-11,77,良,46,86,15,1.1,61,92
2015-10-12,89,良,62,107,22,1.2,71,85
2015-10-13,82,良,56,95,21,1.1,65,72
2015-10-14,89,良,55,98,20,1.2,71,105
2015-10-15,99,良,65,117,21,1.3,79,112
2015-10-16,87,良,64,109,17,1.3,62,109
2015-10-17,64,良,46,74,12,1.1,49,70
2015-10-18,77,良,56,75,13,1.3,45,30
2015-10-19,84,良,62,88,13,1.3,52,83
2015-10-20,85,良,63,94,15,1.5,55,74
2015-10-21,68,良,49,79,15,1.3,51,92
2015-10-22,70,良,51,84,18,1.2,55,108
2015-10-23,87,良,64,90,14,1.2,48,73
2015-10-24,112,轻度污染,84,114,21,1.3,53,49
2015-10-25,103,轻度污染,77,104,17,1.3,38,21
2015-10-26,45,优,24,39,15,1.1,36,26
2015-10-27,45,优,18,37,18,0.8,36,29
2015-10-28,62,良,42,73,20,1,48,23
2015-10-29,89,良,66,105,27,1.2,58,25
2015-10-30,42,优,29,42,14,1.1,33,10
2015-10-31,45,优,31,45,12,0.9,35,25
2015-11-01,67,良,48,68,14,1.1,46,37
2015-11-02,64,良,46,71,16,1.1,48,64
2015-11-03,84,良,62,94,24,1.4,54,24
2015-11-04,100,良,75,110,24,1.4,49,7
2015-11-05,79,良,58,78,14,1.3,39,5
2015-11-06,57,良,40,60,14,1.4,42,23
2015-11-07,84,良,62,89,18,1.3,45,63
2015-11-08,58,良,41,62,12,1.4,38,29
2015-11-09,73,良,53,82,16,1.5,43,15
2015-11-10,54,良,37,58,16,1.3,43,15
2015-11-11,50,优,31,50,15,1.2,35,27
2015-11-12,44,优,18,34,16,1.2,35,34
2015-11-13,55,良,29,53,19,1.2,44,35
2015-11-14,55,良,36,60,18,1.2,44,28
2015-11-15,78,良,57,78,12,1.3,41,22
2015-11-16,82,良,60,80,17,1.4,40,11
2015-11-17,60,良,43,69,16,1.3,38,11
2015-11-18,70,良,51,78,19,1.4,33,4
2015-11-19,62,良,44,72,22,1.5,34,5
2015-11-20,65,良,47,76,24,1.6,40,11
2015-11-21,58,良,41,66,18,1.3,41,25
2015-11-22,75,良,55,87,19,1.4,44,15
2015-11-23,53,良,34,56,15,1.2,35,18
2015-11-24,40,优,28,40,12,1.4,29,9
2015-11-25,46,优,29,46,13,1.6,35,11
2015-11-26,67,良,48,70,20,1.8,42,6
2015-11-27,63,良,45,64,16,1.4,40,9
2015-11-28,69,良,50,70,20,1.2,38,6
2015-11-29,79,良,58,80,20,1.2,43,30
2015-11-30,93,良,69,97,20,1.4,45,10
2015-12-01,99,良,74,98,20,1.4,45,6
2015-12-02,87,良,64,81,16,1.3,47,14
2015-12-03,90,良,67,86,17,1.4,42,5
2015-12-04,53,良,37,55,14,0.9,40,26
2015-12-05,52,良,29,44,14,0.9,41,23
2015-12-06,59,良,42,61,17,1,41,29
2015-12-07,65,良,44,71,19,1.1,52,29
2015-12-08,74,良,54,82,23,1,54,26
2015-12-09,145,轻度污染,111,142,39,1.3,58,13
2015-12-10,148,轻度污染,113,154,39,1.4,63,12
2015-12-11,87,良,64,82,20,0.9,42,27
2015-12-12,48,优,27,40,14,1,38,23
2015-12-13,57,良,40,53,13,1.3,38,11
2015-12-14,53,良,37,47,18,1.4,35,17
2015-12-15,44,优,25,32,19,0.8,35,32
2015-12-16,54,良,38,54,19,0.9,43,37
2015-12-17,63,良,45,68,27,0.9,47,37
2015-12-18,59,良,35,53,26,0.8,47,23
2015-12-19,64,良,46,60,24,0.8,41,18
2015-12-20,69,良,50,65,29,0.8,42,22
2015-12-21,85,良,63,88,23,1,47,24
2015-12-22,100,良,75,103,30,1.2,53,25
2015-12-23,115,轻度污染,87,122,31,1.4,58,8
2015-12-24,104,轻度污染,78,105,26,1.1,52,19
2015-12-25,88,良,65,91,24,1.2,54,17
2015-12-26,98,良,73,98,17,1.3,53,18
2015-12-27,95,良,71,91,17,1.1,46,32
2015-12-28,114,轻度污染,86,116,20,1.3,49,14
2015-12-29,152,中度污染,116,155,26,1.6,59,5
2015-12-30,182,中度污染,137,182,29,1.8,69,5
2015-12-31,179,中度污染,135,173,29,1.8,69,10
2016-01-01,178,中度污染,134,165,30,1.6,58,16
2016-01-02,188,中度污染,141,180,23,1.8,68,34
2016-01-03,202,重度污染,152,194,25,1.9,66,18
2016-01-04,201,重度污染,151,191,29,2,64,34
2016-01-05,104,轻度污染,78,93,21,1.7,54,39
2016-01-06,98,良,73,90,20,3.4,50,15
2016-01-07,58,良,41,51,21,1.5,38,12
2016-01-08,45,优,26,34,15,1.2,36,16
2016-01-09,50,优,33,43,16,1.3,40,7
2016-01-10,65,良,47,63,18,1.5,44,5
2016-01-11,64,良,46,61,20,1.4,41,22
2016-01-12,50,优,32,45,18,1.1,40,15
2016-01-13,62,良,44,62,23,1.2,44,17
2016-01-14,88,良,65,82,18,1.4,48,16
2016-01-15,90,良,67,91,24,1.4,54,30
2016-01-16,94,良,70,88,20,1.4,47,26
2016-01-17,94,良,70,93,20,1.4,51,36
2016-01-18,110,轻度污染,83,110,21,1.5,60,19
2016-01-19,95,良,71,96,24,1.3,52,25
2016-01-20,82,良,60,77,16,1.1,46,40
2016-01-21,65,良,47,56,14,1.1,38,16
2016-01-22,45,优,31,35,13,1,33,26
2016-01-23,43,优,30,35,11,0.6,32,42
2016-01-24,46,优,32,44,12,0.6,30,60
2016-01-25,63,良,41,64,17,0.8,50,51
2016-01-26,89,良,62,96,22,0.9,71,24
2016-01-27,112,轻度污染,84,123,31,1,67,17
2016-01-28,125,轻度污染,95,119,20,0.9,54,19
2016-01-29,139,轻度污染,106,134,21,1.1,62,26
2016-01-30,132,轻度污染,100,124,15,1.2,50,12
2016-01-31,108,轻度污染,81,95,11,1.1,45,11
2016-02-01,52,良,32,34,9,1.3,41,17
2016-02-02,69,良,50,61,16,1.3,48,36
2016-02-03,80,良,59,68,15,1.2,49,20
2016-02-04,93,良,69,81,13,1.2,43,36
2016-02-05,117,轻度污染,88,102,13,1.4,53,24
2016-02-06,107,轻度污染,80,96,16,1.2,41,68
2016-02-07,105,轻度污染,79,94,17,1.1,42,96
2016-02-08,205,重度污染,155,177,27,1.1,42,85
2016-02-09,204,重度污染,154,174,29,1.2,49,58
2016-02-10,204,重度污染,154,173,20,1.3,53,74
2016-02-11,127,轻度污染,96,108,16,1.1,45,74
2016-02-12,129,轻度污染,98,112,17,1,43,73
2016-02-13,55,良,31,59,8,0.6,19,52
2016-02-14,32,优,19,32,6,0.5,16,52
2016-02-15,45,优,31,45,9,0.6,25,44
2016-02-16,63,良,45,59,12,0.9,39,38
2016-02-17,77,良,56,74,14,1,48,40
2016-02-18,89,良,66,89,16,1.1,58,69
2016-02-19,102,轻度污染,76,100,17,1,62,68
2016-02-20,103,轻度污染,77,100,18,1,58,42
2016-02-21,104,轻度污染,78,109,14,0.9,41,52
2016-02-22,73,良,53,70,9,0.8,39,48
2016-02-23,78,良,57,71,8,1,50,27
2016-02-24,58,良,40,59,16,0.9,46,74
2016-02-25,73,良,53,76,18,1,58,31
2016-02-26,72,良,52,78,14,0.8,52,63
2016-02-27,82,良,60,90,14,1,60,95
2016-02-28,95,良,71,109,15,1.1,73,93
2016-02-29,105,轻度污染,79,123,21,1.1,70,112
2016-03-01,93,良,69,116,20,1.1,72,118
2016-03-02,138,轻度污染,105,169,31,1.4,96,72
2016-03-03,148,轻度污染,113,166,27,1.3,73,111
2016-03-04,133,轻度污染,101,150,23,1.4,80,66
2016-03-05,133,轻度污染,101,138,28,1.3,61,92
2016-03-06,55,良,38,59,26,0.9,35,106
2016-03-07,58,良,38,66,22,0.8,43,75
2016-03-08,48,优,33,46,10,1,37,41
2016-03-09,30,优,10,13,9,0.8,24,58
2016-03-10,39,优,18,26,13,0.6,31,57
2016-03-11,50,优,35,47,22,0.7,38,73
2016-03-12,68,良,49,70,18,0.8,42,63
2016-03-13,93,良,69,93,17,0.9,52,52
2016-03-14,73,良,53,85,22,0.8,57,82
2016-03-15,73,良,51,91,21,0.8,58,105
2016-03-16,89,良,66,106,24,1,68,83
2016-03-17,102,轻度污染,76,113,26,1.1,66,71
2016-03-18,130,轻度污染,99,142,23,1.1,62,135
2016-03-19,99,良,73,121,22,1.1,79,78
2016-03-20,70,良,47,68,13,1,56,60
2016-03-21,63,良,28,41,14,0.9,50,64
2016-03-22,57,良,26,37,10,1,45,46
2016-03-23,40,优,16,22,7,0.8,32,70
2016-03-24,58,良,41,57,9,0.7,38,92
2016-03-25,75,良,55,75,12,0.9,51,117
2016-03-26,75,良,55,75,13,0.9,59,104
2016-03-27,80,良,59,90,17,0.9,63,103
2016-03-28,80,良,40,71,19,0.9,64,70
2016-03-29,113,轻度污染,85,116,18,1,62,36
2016-03-30,93,良,69,87,13,0.8,53,62
2016-03-31,84,良,62,86,14,0.9,63,47
2016-04-01,101,轻度污染,73,117,19,1.4,82,36
2016-04-02,122,轻度污染,92,138,26,1.3,82,47
2016-04-03,109,轻度污染,82,109,15,1.1,69,125
2016-04-04,59,良,42,61,13,0.9,41,98
2016-04-05,55,良,18,35,18,0.8,44,71
2016-04-06,53,良,25,34,8,0.9,42,31
2016-04-07,64,良,41,59,10,0.9,51,70
2016-04-08,74,良,42,61,10,1,59,38
2016-04-09,55,良,24,35,7,0.8,44,34
2016-04-10,58,良,23,35,8,0.8,46,64
2016-04-11,62,良,31,52,13,0.8,49,114
2016-04-12,74,良,34,56,11,0.8,59,57
2016-04-13,72,良,52,82,15,0.9,54,106
2016-04-14,59,良,36,51,10,0.7,47,55
2016-04-15,52,良,36,49,9,0.7,34,63
2016-04-16,57,良,17,36,10,0.4,37,108
2016-04-17,40,优,22,37,7,0.4,32,79
2016-04-18,53,良,26,49,10,0.6,41,103
2016-04-19,65,良,28,67,15,0.7,52,90
2016-04-20,49,优,32,49,8,0.6,36,61
2016-04-21,54,良,31,47,8,0.7,43,39
2016-04-22,62,良,40,57,11,0.8,49,27
2016-04-23,55,良,39,54,9,0.6,38,56
2016-04-24,78,良,57,74,9,0.8,53,34
2016-04-25,63,良,45,58,9,0.8,48,32
2016-04-26,84,良,62,84,13,0.9,52,53
2016-04-27,84,良,62,96,12,1,62,122
2016-04-28,117,轻度污染,88,129,15,1,66,104
2016-04-29,97,良,72,93,10,0.9,56,75
2016-04-30,92,良,68,93,12,0.9,54,96
2016-05-01,99,良,74,114,14,1,64,77
2016-05-02,103,轻度污染,77,111,12,1,52,138
2016-05-03,96,良,70,114,14,1,53,155
2016-05-04,70,良,50,86,12,0.9,47,123
2016-05-05,141,轻度污染,58,104,12,1,57,205
2016-05-06,98,良,73,119,10,0.9,50,123
2016-05-07,49,优,34,44,6,0.6,30,78
2016-05-08,52,良,36,49,6,0.7,31,59
2016-05-09,57,良,40,53,7,0.7,34,103
2016-05-10,100,良,47,77,13,0.8,55,160
2016-05-11,130,轻度污染,55,98,17,0.9,60,192
2016-05-12,106,轻度污染,49,100,15,0.8,47,166
2016-05-13,108,轻度污染,81,150,11,0.9,47,93
2016-05-14,87,良,64,109,8,0.7,33,56
2016-05-15,65,良,29,61,8,0.5,28,117
2016-05-16,87,良,44,98,13,0.7,47,144
2016-05-17,71,良,41,92,17,0.7,45,122
2016-05-18,66,良,45,81,13,0.7,47,80
2016-05-19,65,良,47,62,7,0.8,50,44
2016-05-20,50,优,35,45,6,0.8,30,87
2016-05-21,86,良,35,52,9,0.8,36,143
2016-05-22,50,优,35,46,7,0.8,40,71
2016-05-23,48,优,33,45,7,0.7,37,64
2016-05-24,65,良,41,60,13,0.8,40,118
2016-05-25,49,优,26,46,12,0.7,36,98
2016-05-26,35,优,24,33,5,0.4,25,60
2016-05-27,45,优,31,39,5,0.6,34,47
2016-05-28,78,良,57,76,7,0.7,47,60
2016-05-29,80,良,59,81,10,0.8,48,134
2016-05-30,67,良,48,72,10,0.8,44,102
2016-05-31,85,良,63,96,13,0.9,50,100
2016-06-01,112,轻度污染,79,102,8,0.9,35,173
2016-06-02,55,良,39,48,5,0.8,30,103
2016-06-03,90,良,34,51,9,0.9,37,147
2016-06-04,85,良,35,60,10,0.9,38,141
2016-06-05,158,中度污染,34,69,12,0.7,44,223
2016-06-06,113,轻度污染,42,88,14,0.7,50,174
2016-06-07,80,良,44,72,8,0.6,41,135
2016-06-08,93,良,50,74,12,0.7,39,151
2016-06-09,62,良,44,68,9,0.6,30,101
2016-06-10,42,优,29,41,5,0.6,29,51
2016-06-11,55,良,39,50,6,0.8,40,66
2016-06-12,104,轻度污染,55,77,7,0.9,44,164
2016-06-13,92,良,57,87,10,0.9,52,150
2016-06-14,89,良,66,99,11,0.9,47,129
2016-06-15,64,良,46,67,7,0.6,35,79
2016-06-16,89,良,35,66,12,0.6,46,146
2016-06-17,93,良,39,74,16,0.7,53,151
2016-06-18,79,良,40,68,12,0.6,38,134
2016-06-19,54,良,38,46,6,0.7,30,69
2016-06-20,88,良,54,70,6,0.9,38,145
2016-06-21,78,良,57,76,8,0.9,42,122
2016-06-22,63,良,45,69,9,0.8,46,82
2016-06-23,58,良,36,56,9,0.7,35,109
2016-06-24,33,优,23,31,5,0.6,24,65
2016-06-25,29,优,17,25,5,0.6,23,50
2016-06-26,46,优,32,44,9,0.7,28,42
2016-06-27,58,良,41,56,8,0.7,42,51
2016-06-28,67,良,48,62,8,0.8,40,82
2016-06-29,66,良,33,56,10,0.9,47,119
2016-06-30,50,优,33,50,7,0.8,38,71
2016-07-01,63,良,33,49,7,0.8,35,115
2016-07-02,75,良,45,68,9,0.9,48,130
2016-07-03,57,良,40,63,9,0.8,45,96
2016-07-04,85,良,33,56,8,0.7,40,141
2016-07-05,52,良,31,54,10,0.7,38,94
2016-07-06,40,优,16,32,11,0.7,32,68
2016-07-07,40,优,18,40,12,0.6,30,68
2016-07-08,60,良,21,43,12,0.6,30,111
2016-07-09,86,良,26,54,13,0.6,31,143
2016-07-10,117,轻度污染,37,69,13,0.6,33,178
2016-07-11,140,轻度污染,38,68,12,0.7,36,204
2016-07-12,73,良,53,89,8,0.9,51,126
2016-07-13,77,良,56,87,9,0.9,43,119
2016-07-14,35,优,24,33,5,0.6,28,53
2016-07-15,85,良,24,41,10,0.6,35,141
2016-07-16,112,轻度污染,35,57,11,0.7,36,173
2016-07-17,90,良,51,85,11,0.9,47,148
2016-07-18,56,良,37,61,9,0.8,41,68
2016-07-19,39,优,27,36,5,0.8,29,40
2016-07-20,54,良,34,52,8,0.9,32,104
2016-07-21,47,优,29,47,13,0.8,32,78
2016-07-22,50,优,27,50,14,0.6,32,78
2016-07-23,60,良,43,70,14,0.7,29,95
2016-07-24,52,良,25,54,12,0.6,32,86
2016-07-25,82,良,39,69,15,0.7,35,138
2016-07-26,87,良,45,78,14,0.8,35,144
2016-07-27,53,良,32,56,9,0.7,26,89
2016-07-28,98,良,37,62,10,0.7,34,157
2016-07-29,42,优,26,42,12,0.6,27,71
2016-07-30,55,良,26,48,14,0.6,29,106
2016-07-31,63,良,45,73,12,0.8,39,108
2016-08-01,54,良,31,48,9,0.7,28,104
2016-08-02,56,良,36,61,11,0.8,39,92
2016-08-03,51,良,34,51,8,0.7,31,73
2016-08-04,42,优,27,42,9,0.7,32,59
2016-08-05,35,优,19,31,9,0.7,28,45
2016-08-06,50,优,30,50,9,0.8,35,95
2016-08-07,64,良,30,46,9,0.9,34,116
2016-08-08,64,良,34,50,8,0.9,33,116
2016-08-09,101,轻度污染,42,57,9,0.9,35,161
2016-08-10,89,良,47,70,9,1,40,146
2016-08-11,95,良,53,78,11,1,40,154
2016-08-12,90,良,40,64,11,0.8,39,147
2016-08-13,107,轻度污染,53,84,14,0.9,43,167
2016-08-14,90,良,41,64,12,0.8,33,147
2016-08-15,80,良,31,52,11,0.7,32,136
2016-08-16,102,轻度污染,42,66,16,0.7,35,162
2016-08-17,65,良,34,59,13,0.7,35,118
2016-08-18,65,良,40,69,11,0.7,37,118
2016-08-19,78,良,57,98,18,0.9,46,131
2016-08-20,62,良,44,71,13,0.7,32,101
2016-08-21,75,良,48,78,14,0.8,37,129
2016-08-22,65,良,47,74,12,0.9,40,87
2016-08-23,57,良,39,63,13,0.8,35,101
2016-08-24,116,轻度污染,47,74,14,0.8,37,177
2016-08-25,90,良,62,98,16,0.9,44,147
2016-08-26,82,良,60,87,13,0.8,31,72
2016-08-27,64,良,46,65,8,0.8,26,29
2016-08-28,41,优,27,41,8,0.8,32,50
2016-08-29,57,良,40,62,14,0.8,36,88
2016-08-30,60,良,43,55,7,0.7,31,53
2016-08-31,80,良,59,72,7,0.9,45,47
2016-09-01,102,轻度污染,76,97,8,0.9,50,105
2016-09-02,103,轻度污染,77,110,10,1,62,156
2016-09-03,143,轻度污染,109,152,17,1.3,77,83
2016-09-04,138,轻度污染,105,136,12,1,45,43
2016-09-05,93,良,69,83,8,0.9,39,34
2016-09-06,79,良,58,72,7,0.8,42,65
2016-09-07,97,良,72,91,10,1,54,53
2016-09-08,79,良,58,76,7,1,53,42
2016-09-09,52,良,34,42,6,0.9,41,35
2016-09-10,79,良,58,76,9,1,46,115
2016-09-11,103,轻度污染,77,109,10,1.1,63,141
2016-09-12,95,良,71,107,13,1,65,110
2016-09-13,149,轻度污染,114,156,16,1.2,61,124
2016-09-14,186,中度污染,140,175,14,1.1,45,79
2016-09-15,52,良,36,45,7,0.7,26,53
2016-09-16,79,良,58,76,10,0.8,37,101
2016-09-17,100,良,75,103,13,1,48,121
2016-09-18,125,轻度污染,95,123,14,1,35,108
2016-09-19,78,良,57,69,8,0.8,32,58
2016-09-20,88,良,65,82,9,0.9,46,47
2016-09-21,118,轻度污染,89,117,14,1,56,70
2016-09-22,105,轻度污染,79,108,14,1,47,129
2016-09-23,97,良,72,96,10,1,54,54
2016-09-24,102,轻度污染,76,94,9,1,54,25
2016-09-25,75,良,55,67,12,0.9,41,51
2016-09-26,62,良,42,61,10,1,49,24
2016-09-27,70,良,51,72,10,1.1,46,56
2016-09-28,58,良,35,57,12,1,46,27
2016-09-29,68,良,33,54,11,1.2,54,21
2016-09-30,87,良,63,97,14,1.4,69,112
2016-10-01,92,良,68,102,16,1.3,57,131
2016-10-02,90,良,65,96,12,1.1,51,147
2016-10-03,88,良,65,103,17,1.1,59,135
2016-10-04,74,良,47,81,13,0.9,59,122
2016-10-05,90,良,66,130,21,1,60,142
2016-10-06,94,良,70,122,19,0.9,47,124
2016-10-07,93,良,69,102,11,1,56,40
2016-10-08,87,良,64,86,12,1,44,25
2016-10-09,42,优,29,40,8,0.9,32,48
2016-10-10,45,优,29,38,6,0.8,36,38
2016-10-11,55,良,30,41,7,1,44,21
2016-10-12,49,优,34,45,9,1,39,16
2016-10-13,44,优,22,29,8,0.9,35,15
2016-10-14,40,优,27,37,8,0.9,32,11
2016-10-15,47,优,22,32,8,0.9,37,12
2016-10-16,55,良,36,58,13,1.2,44,17
2016-10-17,62,良,44,68,12,1.2,47,20
2016-10-18,56,良,39,61,12,1.2,44,68
2016-10-19,73,良,46,75,14,1.2,58,74
2016-10-20,65,良,39,66,14,1,52,36
2016-10-21,53,良,25,47,9,0.8,42,38
2016-10-22,80,良,59,93,14,1,46,89
2016-10-23,58,良,41,60,11,1.1,41,43
2016-10-24,56,良,38,62,12,0.9,34,16
2016-10-25,40,优,20,34,9,1.1,32,15
2016-10-26,44,优,26,44,9,1,35,22
2016-10-27,47,优,30,42,8,1.1,37,13
2016-10-28,39,优,14,22,7,0.7,31,32
2016-10-29,42,优,18,26,7,0.6,33,23
2016-10-30,49,优,24,34,10,0.8,39,13
2016-10-31,52,良,32,49,12,0.9,41,25
2016-11-01,55,良,35,55,13,1,44,16
2016-11-02,65,良,44,75,13,1.1,52,12
2016-11-03,82,良,60,97,16,1.2,57,27
2016-11-04,83,良,55,91,13,1.3,66,53
2016-11-05,102,轻度污染,76,120,21,1.3,76,19
2016-11-06,123,轻度污染,93,130,21,1.4,56,7
2016-11-07,44,优,17,22,7,0.8,35,26
2016-11-08,42,优,15,22,7,0.6,33,28
2016-11-09,50,优,16,25,8,0.8,40,31
2016-11-10,58,良,24,39,12,1,46,33
2016-11-11,59,良,30,51,13,1,47,50
2016-11-12,72,良,52,85,18,1.1,56,16
2016-11-13,100,良,75,117,26,1.4,66,12
2016-11-14,112,轻度污染,84,131,23,1.4,75,20
2016-11-15,109,轻度污染,82,122,22,1.4,59,36
2016-11-16,114,轻度污染,86,124,21,1.4,59,17
2016-11-17,119,轻度污染,90,128,18,1.4,58,15
2016-11-18,82,良,60,90,15,1.1,60,48
2016-11-19,95,良,71,107,17,1.3,60,25
2016-11-20,123,轻度污染,93,135,19,1.7,62,9
2016-11-21,74,良,54,81,15,1.4,49,24
2016-11-22,60,良,43,65,12,1,41,14
2016-11-23,35,优,12,18,8,0.7,28,14
2016-11-24,40,优,18,27,10,0.8,32,14
2016-11-25,46,优,30,46,12,0.9,36,9
2016-11-26,54,良,35,57,13,0.9,42,37
2016-11-27,64,良,44,78,15,0.9,51,48
2016-11-28,84,良,62,109,23,1.1,58,12
2016-11-29,93,良,69,103,15,1.1,53,14
2016-11-30,102,轻度污染,76,116,18,1.2,56,26
2016-12-01,98,良,73,108,13,1.1,58,35
2016-12-02,88,良,65,96,13,1,59,26
2016-12-03,85,良,63,102,14,1.1,60,10
2016-12-04,94,良,70,106,11,1.1,56,26
2016-12-05,124,轻度污染,94,133,14,1.2,58,15
2016-12-06,114,轻度污染,86,124,14,1.2,55,56
2016-12-07,134,轻度污染,102,141,17,1.4,74,52
2016-12-08,132,轻度污染,100,140,13,1.4,74,61
2016-12-09,132,轻度污染,100,134,13,1.3,61,28
2016-12-10,129,轻度污染,98,129,13,1.4,53,24
2016-12-11,135,轻度污染,103,136,14,1.5,55,10
2016-12-12,108,轻度污染,81,106,13,1.5,47,8
2016-12-13,94,良,70,96,13,1.5,47,20
2016-12-14,74,良,54,66,10,1.3,48,11
2016-12-15,68,良,42,61,9,1.1,54,26
2016-12-16,78,良,57,79,12,1.1,51,42
2016-12-17,89,良,66,96,13,1.2,63,24
2016-12-18,117,轻度污染,88,127,19,1.4,66,12
2016-12-19,152,中度污染,116,167,26,1.6,70,6
2016-12-20,143,轻度污染,109,145,17,1.3,58,6
2016-12-21,149,轻度污染,114,154,18,1.4,52,9
2016-12-22,100,良,75,109,10,1.4,52,29
2016-12-23,84,良,62,82,10,1.4,51,15
2016-12-24,53,良,36,47,8,1.1,42,14
2016-12-25,52,良,35,49,8,0.9,41,23
2016-12-26,53,良,32,48,11,0.9,42,21
2016-12-27,65,良,44,78,17,1,52,37
2016-12-28,69,良,50,75,15,1,52,46
2016-12-29,79,良,57,91,18,1.1,63,23
2016-12-30,83,良,61,95,16,1,59,30
2016-12-31,137,轻度污染,104,159,32,1.3,73,10
2017-01-01,176,中度污染,133,185,32,1.4,64,10
2017-01-02,176,中度污染,133,184,28,1.4,63,28
2017-01-03,207,重度污染,157,214,21,1.9,74,10
2017-01-04,220,重度污染,171,231,32,1.7,75,9
2017-01-05,202,重度污染,152,205,20,1.5,65,13
2017-01-06,165,中度污染,125,169,19,1.5,60,15
2017-01-07,139,轻度污染,106,145,20,1.4,60,14
2017-01-08,86,良,64,97,22,1.8,53,6
2017-01-09,77,良,56,77,14,1.7,50,11
2017-01-10,52,良,31,46,11,1.2,42,24
2017-01-11,43,优,19,25,9,0.8,35,16
2017-01-12,42,优,29,41,9,0.8,35,22
2017-01-13,67,良,49,70,11,1.1,47,27
2017-01-14,82,良,62,90,13,1.2,53,8
2017-01-15,91,良,68,99,17,1.2,56,27
2017-01-16,80,良,59,91,17,1.1,60,32
2017-01-17,104,轻度污染,79,115,19,1.3,59,40
2017-01-18,86,良,64,94,16,1.1,56,27
2017-01-19,93,良,70,105,16,1.1,62,38
2017-01-20,101,轻度污染,77,110,17,1.1,56,58
2017-01-21,157,中度污染,121,161,17,1.3,58,40
2017-01-22,164,中度污染,123,165,15,1.5,66,60
2017-01-23,171,中度污染,130,172,18,1.5,71,16
2017-01-24,192,中度污染,145,185,20,1.6,71,25
2017-01-25,104,轻度污染,79,105,12,1.2,52,69
2017-01-26,97,良,74,96,11,1.2,51,31
2017-01-27,161,中度污染,124,157,19,1.3,37,41
2017-01-28,122,轻度污染,92,115,10,1.2,29,30
2017-01-29,51,良,36,48,7,1.1,23,46
2017-01-30,52,良,37,51,8,1.2,26,29
2017-01-31,78,良,58,88,11,1.1,23,56
2017-02-01,103,轻度污染,78,100,9,1.2,25,28
2017-02-02,50,优,35,45,10,1.2,26,40
2017-02-03,58,良,42,56,10,1.3,36,30
2017-02-04,70,良,51,69,11,1.5,46,62
2017-02-05,80,良,59,82,10,1.5,54,26
2017-02-06,106,轻度污染,80,109,13,1.5,54,15
2017-02-07,57,良,40,52,7,1.3,34,19
2017-02-08,45,优,29,42,8,1.2,37,57
2017-02-09,70,良,45,71,12,1.3,56,12
2017-02-10,90,良,65,94,13,1.4,58,19
2017-02-11,75,良,57,82,11,1.1,50,57
2017-02-12,85,良,63,92,14,1.1,57,79
2017-02-13,92,良,73,108,16,1.2,70,25
2017-02-14,162,中度污染,126,166,23,1.4,62,18
2017-02-15,164,中度污染,126,169,18,1.6,70,43
2017-02-16,122,轻度污染,94,126,14,1.3,57,72
2017-02-17,130,轻度污染,102,143,21,1.4,71,62
2017-02-18,149,轻度污染,115,153,18,1.4,58,39
2017-02-19,129,轻度污染,98,131,12,1.3,49,82
2017-02-20,109,轻度污染,82,116,13,1.4,56,20
2017-02-21,72,良,53,69,8,1.1,42,24
2017-02-22,48,优,26,40,8,0.7,39,48
2017-02-23,45,优,28,44,9,0.7,36,34
2017-02-24,47,优,23,32,9,0.8,39,20
2017-02-25,61,良,41,61,12,1,49,27
2017-02-26,66,良,45,73,14,1,54,48
2017-02-27,72,良,50,79,17,1,59,36
2017-02-28,78,良,51,85,16,1.1,65,66
2017-03-01,88,良,59,112,20,1.1,71,72
2017-03-02,96,良,62,141,21,1.1,75,33
2017-03-03,87,良,65,124,25,1,71,31
2017-03-04,102,轻度污染,77,132,22,1.1,69,53
2017-03-05,82,良,61,88,13,0.9,48,29
2017-03-06,62,良,33,47,9,0.8,50,31
2017-03-07,61,良,38,51,10,0.9,49,26
2017-03-08,56,良,39,53,11,0.9,46,62
2017-03-09,71,良,50,74,15,1.1,58,18
2017-03-10,100,良,75,115,20,1.3,66,19
2017-03-11,92,良,69,111,20,1.3,76,33
2017-03-12,80,良,58,83,14,1.2,57,18
2017-03-13,43,优,16,22,8,1,35,47
2017-03-14,46,优,19,26,8,1.1,37,44
2017-03-15,55,良,24,37,10,0.9,44,35
2017-03-16,66,良,34,60,15,1,53,53
2017-03-17,66,良,40,66,14,1,54,49
2017-03-18,66,良,46,74,17,1,54,78
2017-03-19,51,良,29,47,15,0.9,42,57
2017-03-20,66,良,48,80,19,1.1,55,90
2017-03-21,71,良,48,73,14,1.2,56,32
2017-03-22,45,优,29,44,12,0.9,37,53
2017-03-23,50,优,28,46,13,1,40,48
2017-03-24,43,优,22,31,9,0.9,35,38
2017-03-25,46,优,23,36,9,0.8,38,51
2017-03-26,57,良,31,61,11,0.8,48,93
2017-03-27,82,良,46,89,16,1,67,59
2017-03-28,85,良,61,115,22,1.1,69,101
2017-03-29,113,轻度污染,87,152,26,1.3,83,18
2017-03-30,63,良,45,66,12,1,45,49
2017-03-31,61,良,33,56,13,1,49,114
2017-04-01,80,良,32,69,17,1,66,119
2017-04-02,71,良,33,70,18,0.9,57,83
2017-04-03,60,良,41,70,15,0.8,46,48
2017-04-04,66,良,48,69,9,1,43,44
2017-04-05,66,良,48,68,10,1,48,29
2017-04-06,59,良,39,60,12,1,42,111
2017-04-07,71,良,43,79,17,1.1,57,88
2017-04-08,59,良,42,69,14,1,40,48
2017-04-09,51,良,35,51,11,1,36,19
2017-04-10,35,优,19,29,8,1.1,33,44
2017-04-11,62,良,26,46,13,1.1,50,57
2017-04-12,56,良,28,48,9,0.9,47,104
2017-04-13,75,良,35,68,14,1,58,131
2017-04-14,97,良,36,71,13,1,56,157
2017-04-15,80,良,50,92,20,1.1,58,136
2017-04-16,62,良,45,73,11,1,44,48
2017-04-17,58,良,34,66,14,0.8,48,70
2017-04-18,73,良,39,96,15,0.9,52,108
2017-04-19,87,良,40,94,16,0.9,54,145
2017-04-20,58,良,30,66,14,0.8,45,54
2017-04-21,49,优,30,50,8,0.7,35,59
2017-04-22,60,良,34,71,11,0.7,44,113
2017-04-23,93,良,41,93,17,0.9,57,152
2017-04-24,72,良,44,83,16,1,58,33
2017-04-25,48,优,25,38,7,0.9,39,31
2017-04-26,41,优,13,22,6,0.7,33,43
2017-04-27,40,优,20,29,6,0.8,32,75
2017-04-28,53,良,26,42,10,0.8,45,100
2017-04-29,79,良,30,58,12,1,54,135
2017-04-30,77,良,41,72,14,1,62,90
2017-05-01,108,轻度污染,49,85,16,1,51,169
2017-05-02,61,良,39,71,13,1,48,81
2017-05-03,37,优,16,32,9,0.8,31,67
2017-05-04,80,良,24,51,12,0.9,47,136
2017-05-05,53,良,26,51,8,0.8,43,59
2017-05-06,63,良,35,78,6,0.7,33,51
2017-05-07,66,良,42,82,8,0.7,40,47
2017-05-08,62,良,33,64,10,0.9,51,103
2017-05-09,68,良,36,75,14,1,55,122
2017-05-10,65,良,38,61,8,1,52,63
2017-05-11,56,良,40,59,8,0.9,42,58
2017-05-12,61,良,35,61,10,0.9,50,107
2017-05-13,95,良,29,58,12,0.9,50,155
2017-05-14,62,良,41,67,10,0.9,51,72
2017-05-15,67,良,47,78,12,1,48,121
2017-05-16,118,轻度污染,39,74,15,0.9,51,180
2017-05-17,145,轻度污染,43,85,17,0.9,64,210
2017-05-18,84,良,50,96,19,1,60,141
2017-05-19,140,轻度污染,55,97,16,1,49,205
2017-05-20,56,良,34,62,12,0.9,44,98
2017-05-21,36,优,18,28,7,0.9,29,39
2017-05-22,42,优,20,33,7,1,33,19
2017-05-23,44,优,13,27,10,0.7,30,88
2017-05-24,48,优,20,34,8,0.9,39,54
2017-05-25,74,良,24,43,11,0.8,40,129
2017-05-26,120,轻度污染,36,68,13,0.9,57,183
2017-05-27,135,轻度污染,50,95,14,1.1,74,199
2017-05-28,138,轻度污染,46,89,15,1,65,202
2017-05-29,58,良,31,62,14,0.9,47,109
2017-05-30,70,良,44,68,11,0.9,37,124
2017-05-31,73,良,54,85,14,1,46,81
2017-06-01,68,良,51,84,11,0.9,47,64
2017-06-02,87,良,44,81,13,0.9,49,145
2017-06-03,83,良,48,91,13,1,67,52
2017-06-04,45,优,28,41,7,0.9,36,39
2017-06-05,106,轻度污染,16,27,7,0.8,33,167
2017-06-06,118,轻度污染,36,66,13,1.1,61,180
2017-06-07,117,轻度污染,34,66,12,1,48,179
2017-06-08,75,良,20,47,13,0.9,40,130
2017-06-09,50,优,27,49,8,0.8,32,100
2017-06-10,55,良,21,34,8,0.8,25,106
2017-06-11,60,良,28,50,11,0.9,39,113
2017-06-12,48,优,25,39,8,0.9,39,53
2017-06-13,55,良,34,51,8,1,45,39
2017-06-14,41,优,18,27,6,0.8,32,50
2017-06-15,45,优,12,17,6,0.8,32,56
2017-06-16,55,良,20,32,7,1,45,72
2017-06-17,96,良,32,56,11,1.2,47,156
2017-06-18,63,良,46,71,11,1.1,48,62
2017-06-19,66,良,44,66,9,1.1,55,80
2017-06-20,131,轻度污染,55,92,10,1.3,63,195
2017-06-21,120,轻度污染,46,80,12,1.1,51,182
2017-06-22,65,良,38,66,10,1,52,92
2017-06-23,67,良,49,76,9,1,45,105
2017-06-24,49,优,31,48,8,0.9,39,54
2017-06-25,49,优,29,49,8,0.8,33,72
2017-06-26,56,良,35,55,9,0.9,46,64
2017-06-27,85,良,41,67,11,1,44,142
2017-06-28,122,轻度污染,48,83,12,1,52,185
2017-06-29,89,良,50,78,11,0.9,46,147
2017-06-30,100,良,38,65,12,0.9,40,161
2017-07-01,135,轻度污染,43,71,11,0.9,40,199
2017-07-02,130,轻度污染,44,81,12,0.9,49,193
2017-07-03,134,轻度污染,45,81,13,1,52,198
2017-07-04,119,轻度污染,42,78,12,1,46,181
2017-07-05,53,良,27,56,13,0.8,36,97
2017-07-06,41,优,24,40,7,0.8,30,58
2017-07-07,42,优,24,42,7,0.9,31,48
2017-07-08,52,良,31,54,9,1,37,81
2017-07-09,108,轻度污染,20,41,8,0.8,40,169
2017-07-10,193,中度污染,35,75,12,1,58,258
2017-07-11,177,中度污染,41,88,11,1.1,52,242
2017-07-12,44,优,14,32,10,0.6,25,89
2017-07-13,47,优,15,36,11,0.7,30,95
2017-07-14,38,优,19,34,8,0.8,28,53
2017-07-15,59,良,18,34,8,0.8,27,111
2017-07-16,70,良,19,37,9,0.8,32,124
2017-07-17,76,良,18,42,10,0.8,31,132
2017-07-18,52,良,17,37,9,0.7,30,103
2017-07-19,60,良,30,56,9,0.8,36,112
2017-07-20,71,良,25,45,11,0.7,30,126
2017-07-21,69,良,17,33,12,0.6,29,123
2017-07-22,63,良,16,31,13,0.6,26,116
2017-07-23,79,良,19,41,14,0.6,33,135
2017-07-24,131,轻度污染,25,58,15,0.8,37,195
2017-07-25,97,良,23,43,10,0.8,32,157
2017-07-26,80,良,19,38,13,0.7,29,137
2017-07-27,109,轻度污染,19,43,14,0.6,31,170
2017-07-28,120,轻度污染,23,53,14,0.7,36,182
2017-07-29,109,轻度污染,31,69,14,0.8,39,170
2017-07-30,186,中度污染,36,68,13,0.8,35,251
2017-07-31,146,轻度污染,42,76,10,0.9,39,211
2017-08-01,163,中度污染,31,61,13,0.9,38,228
2017-08-02,121,轻度污染,33,63,11,0.9,43,184
2017-08-03,140,轻度污染,38,73,11,1,46,205
2017-08-04,101,轻度污染,33,63,11,0.9,41,162
2017-08-05,140,轻度污染,24,47,9,0.8,29,205
2017-08-06,105,轻度污染,22,44,10,0.7,33,166
2017-08-07,109,轻度污染,23,46,15,0.8,30,170
2017-08-08,32,优,19,31,8,0.7,24,50
2017-08-09,120,轻度污染,29,49,9,0.8,38,183
2017-08-10,126,轻度污染,40,77,12,1.1,53,189
2017-08-11,43,优,24,42,7,0.7,30,83
2017-08-12,47,优,22,37,6,0.7,28,95
2017-08-13,120,轻度污染,31,57,10,0.9,41,183
2017-08-14,121,轻度污染,34,65,9,0.9,47,184
2017-08-15,99,良,21,49,10,0.9,39,159
2017-08-16,90,良,28,59,11,0.8,36,149
2017-08-17,50,优,19,46,11,0.8,36,100
2017-08-18,62,良,10,27,10,0.6,25,115
2017-08-19,113,轻度污染,13,38,13,0.7,31,175
2017-08-20,89,良,18,44,14,0.7,31,147
2017-08-21,102,轻度污染,18,41,12,0.7,30,163
2017-08-22,73,良,16,40,11,0.7,31,128
2017-08-23,107,轻度污染,28,59,10,0.9,39,168
2017-08-24,48,优,29,48,7,0.9,33,89
2017-08-25,39,优,10,17,6,0.7,22,79
2017-08-26,44,优,12,24,9,0.7,27,88
2017-08-27,47,优,12,24,8,0.7,23,94
2017-08-28,67,良,15,32,9,0.8,28,121
2017-08-29,44,优,13,26,9,0.8,26,88
2017-08-30,58,良,21,34,8,0.8,26,110
2017-08-31,30,优,13,23,7,0.9,24,43
2017-09-01,31,优,11,20,6,0.9,25,33
2017-09-02,28,优,8,13,6,0.8,24,36
2017-09-03,47,优,17,34,8,1,39,63
2017-09-04,47,优,17,35,9,1,38,28
2017-09-05,35,优,8,15,6,0.9,28,27
2017-09-06,41,优,14,30,9,0.8,34,54
2017-09-07,95,良,26,52,10,1,46,155
2017-09-08,63,良,28,59,12,1.1,51,109
2017-09-09,43,优,20,35,7,0.9,34,30
2017-09-10,38,优,12,26,8,0.8,28,77
2017-09-11,63,良,21,44,9,1,45,116
2017-09-12,100,良,24,55,11,1,54,161
2017-09-13,93,良,31,59,11,0.9,46,152
2017-09-14,68,良,26,51,10,0.8,42,122
2017-09-15,95,良,63,97,11,1,45,155
2017-09-16,98,良,43,73,11,0.9,41,158
2017-09-17,93,良,70,110,13,1.1,43,143
2017-09-18,57,良,41,62,9,1,39,36
2017-09-19,38,优,17,28,7,0.9,30,28
2017-09-20,45,优,16,28,7,0.8,36,37
2017-09-21,47,优,19,35,8,0.9,39,45
2017-09-22,46,优,21,39,9,0.9,37,57
2017-09-23,40,优,17,29,8,0.8,32,28
2017-09-24,46,优,15,29,8,0.8,37,31
2017-09-25,53,良,23,47,10,0.9,44,45
2017-09-26,60,良,38,70,12,1.1,44,109
2017-09-27,37,优,19,34,8,0.8,30,22
2017-09-28,45,优,16,30,7,0.7,36,36
2017-09-29,47,优,15,26,8,0.9,38,27
2017-09-30,36,优,11,19,7,0.8,30,30
2017-10-01,47,优,23,43,9,0.9,40,28
2017-10-02,55,良,33,58,10,1.1,45,39
2017-10-03,32,优,15,24,6,0.9,27,20
2017-10-04,25,优,9,12,5,0.6,20,31
2017-10-05,33,优,9,12,5,0.8,28,21
2017-10-06,45,优,17,30,8,1,37,19
2017-10-07,48,优,28,49,11,1.1,40,27
2017-10-08,54,良,35,59,10,1.1,39,87
2017-10-09,74,良,43,74,10,1.1,38,129
2017-10-10,33,优,18,32,7,0.7,28,25
2017-10-11,40,优,11,16,6,0.6,34,38
2017-10-12,36,优,10,14,6,0.8,30,15
2017-10-13,45,优,12,18,6,0.9,37,18
2017-10-14,40,优,10,13,6,0.8,34,28
2017-10-15,40,优,13,22,9,0.8,33,29
2017-10-16,42,优,15,27,12,0.8,35,46
2017-10-17,32,优,11,16,7,0.8,28,31
2017-10-18,41,优,13,22,8,0.8,34,22
2017-10-19,52,良,19,36,9,0.9,43,41
2017-10-20,62,良,28,53,13,1.1,50,21
2017-10-21,60,良,42,64,10,1.1,48,14
2017-10-22,48,优,15,22,8,0.8,40,36
2017-10-23,52,良,17,29,8,0.8,42,29
2017-10-24,56,良,24,41,11,0.9,45,47
2017-10-25,61,良,41,58,9,1,49,41
2017-10-26,56,良,36,56,8,1.1,46,30
2017-10-27,60,良,34,53,9,1.2,48,54
2017-10-28,66,良,46,73,12,1.2,54,65
2017-10-29,111,轻度污染,84,122,15,1.4,52,38
2017-10-30,87,良,65,102,13,1.2,56,100
2017-10-31,78,良,53,90,14,1.1,64,105
2017-11-01,97,良,74,113,13,1.2,54,38
2017-11-02,109,轻度污染,83,129,14,1.3,66,82
2017-11-03,104,轻度污染,79,123,12,1.4,70,64
2017-11-04,93,良,70,107,10,1.3,56,48
2017-11-05,85,良,63,104,11,1.3,61,93
2017-11-06,111,轻度污染,84,141,16,1.5,83,74
2017-11-07,132,轻度污染,102,156,15,1.5,74,107
2017-11-08,118,轻度污染,91,140,13,1.5,70,108
2017-11-09,95,良,72,112,15,1.3,68,80
2017-11-10,71,良,51,79,13,0.9,49,24
2017-11-11,65,良,33,66,14,0.8,52,14
2017-11-12,57,良,37,65,13,0.9,42,10
2017-11-13,65,良,47,79,13,1,48,36
2017-11-14,59,良,42,70,12,1.2,46,20
2017-11-15,52,良,26,46,12,0.9,42,24
2017-11-16,58,良,27,52,14,0.9,47,17
2017-11-17,61,良,42,74,14,1,48,21
2017-11-18,47,优,24,35,8,1,38,12
2017-11-19,56,良,39,64,12,0.9,38,46
2017-11-20,55,良,38,55,9,1,40,27
2017-11-21,58,良,23,40,8,0.7,47,27
2017-11-22,60,良,35,57,12,0.8,49,11
2017-11-23,56,良,29,41,8,0.7,45,17
2017-11-24,53,良,32,50,9,0.7,44,46
2017-11-25,71,良,49,77,11,0.9,58,37
2017-11-26,77,良,58,90,13,1,63,57
2017-11-27,97,良,73,113,17,1.2,70,21
2017-11-28,128,轻度污染,98,147,19,1.3,61,8
2017-11-29,119,轻度污染,90,125,16,1.2,53,10
2017-11-30,86,良,54,76,11,0.9,43,6
2017-12-01,49,优,31,45,12,0.9,42,0
2017-12-02,57,良,37,57,15,0.9,47,0
2017-12-03,60,良,55,88,17,1,50,0
2017-12-04,79,良,66,98,14,1.2,51,0
2017-12-05,90,良,78,113,15,1.4,54,0
2017-12-06,93,良,62,90,13,1.2,56,0
2017-12-07,82,良,68,100,15,1.2,56,0
2017-12-08,90,良,45,58,9,1.2,48,0
2017-12-09,68,良,37,59,12,0.9,52,0
2017-12-10,79,良,56,85,12,0.9,58,0
2017-12-11,89,良,78,118,16,1,66,0
2017-12-12,107,轻度污染,90,136,17,1.2,65,0
2017-12-13,68,良,51,77,11,0.9,53,43
2017-12-14,65,良,47,70,14,0.9,50,21
2017-12-15,82,良,60,88,12,1,47,22
2017-12-16,93,良,69,97,17,1,51,28
2017-12-17,68,良,49,68,12,1,52,18
2017-12-18,87,良,64,102,16,1.2,58,22
2017-12-19,103,轻度污染,78,121,14,1.2,71,38
2017-12-20,132,轻度污染,103,146,11,1.2,68,46
2017-12-21,118,轻度污染,92,128,10,1,55,51
2017-12-22,176,中度污染,138,202,10,1.4,73,26
2017-12-23,186,中度污染,144,208,14,1.5,82,32
2017-12-24,175,中度污染,132,186,15,1.7,87,32
2017-12-25,180,中度污染,141,192,11,1.5,65,38
2017-12-26,196,中度污染,151,210,12,1.5,69,28
2017-12-27,202,重度污染,155,213,16,1.9,68,19
2017-12-28,202,重度污染,156,229,14,1.9,68,20
2017-12-29,129,轻度污染,104,145,10,1.5,51,19
2017-12-30,104,轻度污染,63,158,10,1,49,36
2017-12-31,73,良,53,97,12,1.2,48,42
2018-01-01,89,良,66,104,13,1.2,58,15
2018-01-02,97,良,72,112,16,1.3,56,8
2018-01-03,57,良,40,52,9,1.1,44,8
2018-01-04,48,优,16,20,7,1.1,38,21
2018-01-05,45,优,21,28,8,1.2,36,10
2018-01-06,45,优,18,27,7,1,36,12
2018-01-07,43,优,26,35,9,1,34,14
2018-01-08,58,良,41,62,11,0.9,42,56
2018-01-09,72,良,50,83,14,1.1,57,54
2018-01-10,89,良,57,98,14,1.1,71,59
2018-01-11,101,轻度污染,64,110,16,1.2,82,58
2018-01-12,99,良,74,122,16,1.2,79,42
2018-01-13,202,重度污染,152,216,23,1.5,84,9
2018-01-14,173,中度污染,131,184,19,1.4,78,50
2018-01-15,179,中度污染,135,198,19,1.6,90,15
2018-01-16,100,良,75,96,9,1.1,54,44
2018-01-17,79,良,58,81,9,1.2,55,28
2018-01-18,127,轻度污染,96,131,11,1.5,64,10
2018-01-19,115,轻度污染,87,120,12,1.3,57,25
2018-01-20,80,良,59,84,11,1.2,49,8
2018-01-21,103,轻度污染,77,108,11,1.3,58,38
2018-01-22,73,良,53,78,12,1.5,56,13
2018-01-23,89,良,66,105,14,1.7,62,8
2018-01-24,55,良,38,50,8,1.3,44,11
2018-01-25,40,优,15,21,6,1.2,32,15
2018-01-26,40,优,24,31,6,1,32,21
2018-01-27,39,优,20,31,7,0.7,31,33
2018-01-28,62,良,44,61,10,0.9,40,17
2018-01-29,69,良,50,70,13,1.1,51,16
2018-01-30,62,良,44,62,11,1,46,32
2018-01-31,72,良,52,82,13,0.9,47,62
2018-02-01,89,良,66,107,15,1.1,66,24
2018-02-02,115,轻度污染,87,133,16,1.2,60,43
2018-02-03,75,良,55,92,11,0.9,50,80
2018-02-04,63,良,42,75,10,0.7,42,75
2018-02-05,75,良,55,87,11,0.8,52,41
2018-02-06,100,良,75,112,12,1,59,38
2018-02-07,142,轻度污染,108,153,14,1.2,63,38
2018-02-08,127,轻度污染,96,132,13,1.1,60,59
2018-02-09,115,轻度污染,87,124,12,1,61,48
2018-02-10,82,良,60,80,9,0.9,47,25
2018-02-11,50,优,32,46,6,0.9,40,20
2018-02-12,57,良,40,59,6,1,41,17
2018-02-13,73,良,53,71,10,1.2,39,38
2018-02-14,88,良,65,87,8,1.2,43,53
2018-02-15,107,轻度污染,80,112,10,1.1,36,75
2018-02-16,169,中度污染,128,161,19,1.3,31,82
2018-02-17,135,轻度污染,103,127,13,1.4,43,39
2018-02-18,110,轻度污染,83,105,9,1.3,39,42
2018-02-19,65,良,47,61,7,1,23,68
2018-02-20,53,良,37,47,7,1.1,23,78
2018-02-21,34,优,20,26,6,1.2,27,29
2018-02-22,35,优,21,27,6,0.9,28,40
2018-02-23,38,优,26,36,8,0.9,30,67
2018-02-24,50,优,35,48,8,1,36,62
2018-02-25,58,良,35,50,11,1.2,46,100
2018-02-26,78,良,41,63,12,1.3,62,34
2018-02-27,80,良,59,87,11,1.2,60,29
2018-02-28,73,良,53,77,11,1.2,46,76
2018-03-01,68,良,48,74,10,1,48,121
2018-03-02,57,良,40,60,11,1,37,78
2018-03-03,48,优,26,45,10,1,38,76
2018-03-04,66,良,41,82,11,1,45,60
2018-03-05,47,优,20,37,11,0.7,37,47
2018-03-06,48,优,21,30,6,0.8,38,28
2018-03-07,44,优,16,25,6,0.8,35,38
2018-03-08,53,良,22,48,8,0.9,42,76
2018-03-09,65,良,24,66,12,0.9,52,111
2018-03-10,65,良,30,67,12,0.8,52,78
2018-03-11,77,良,47,85,13,1,61,82
2018-03-12,87,良,63,107,16,1.2,69,44
2018-03-13,88,良,65,89,8,1.2,61,49
2018-03-14,82,良,60,85,12,1.3,50,106
2018-03-15,64,良,41,63,10,1.1,51,108
2018-03-16,56,良,35,61,9,0.9,44,100
2018-03-17,44,优,21,39,10,0.8,31,88
2018-03-18,40,优,20,33,8,0.8,32,30
2018-03-19,44,优,20,36,7,0.8,35,68
2018-03-20,48,优,19,34,8,0.9,38,86
2018-03-21,60,良,21,49,9,0.9,48,80
2018-03-22,73,良,32,82,11,1,58,110
2018-03-23,100,良,47,115,14,1.2,80,30
2018-03-24,70,良,46,74,8,1.1,56,17
2018-03-25,60,良,43,67,8,1,46,54
2018-03-26,67,良,44,75,11,1.2,53,68
2018-03-27,87,良,64,99,11,1.2,61,32
2018-03-28,64,良,36,51,7,1.1,51,32
2018-03-29,67,良,31,53,7,1,53,78
2018-03-30,75,良,28,56,10,1.2,60,52
2018-03-31,63,良,27,47,9,1.1,50,21
2018-04-01,53,良,30,55,8,0.9,38,93
2018-04-02,70,良,30,67,10,1,52,124
2018-04-03,79,良,28,79,12,1,59,134
2018-04-04,69,良,35,81,12,1,55,101
2018-04-05,34,优,21,33,6,0.7,24,68
2018-04-06,35,优,14,31,6,0.6,28,68
2018-04-07,68,良,27,86,9,0.7,35,108
2018-04-08,78,良,34,105,15,0.9,61,131
2018-04-09,94,良,41,114,14,0.9,65,152
2018-04-10,99,良,55,135,16,1.1,72,158
2018-04-11,87,良,61,124,14,1,58,110
2018-04-12,69,良,43,79,14,1,55,51
2018-04-13,39,优,22,32,7,0.8,31,44
2018-04-14,31,优,11,16,4,0.5,24,62
2018-04-15,45,优,20,41,7,0.6,36,88
2018-04-16,70,良,27,59,11,0.8,48,123
2018-04-17,87,良,24,61,13,0.8,51,144
2018-04-18,120,轻度污染,34,78,14,1,58,181
2018-04-19,82,良,25,59,11,0.8,40,138
2018-04-20,57,良,37,63,8,0.9,36,87
2018-04-21,59,良,42,67,9,1,35,106
2018-04-22,46,优,30,46,7,1,32,89
2018-04-23,65,良,35,57,9,1.1,52,40
2018-04-24,38,优,18,26,5,0.8,30,42
2018-04-25,37,优,12,19,5,0.7,29,34
2018-04-26,60,良,20,36,6,0.7,36,111
2018-04-27,85,良,30,61,11,0.9,54,142
2018-04-28,60,良,30,57,11,0.9,47,112
2018-04-29,122,轻度污染,33,62,12,0.8,41,184
2018-04-30,121,轻度污染,42,78,14,0.9,50,183
2018-05-01,65,良,47,71,8,0.9,43,89
2018-05-02,61,良,29,51,6,0.8,47,113
2018-05-03,68,良,29,58,10,0.9,54,67
2018-05-04,57,良,26,46,10,0.8,32,108
2018-05-05,51,良,30,51,8,0.8,35,64
2018-05-06,68,良,25,62,7,0.6,28,121
2018-05-07,101,轻度污染,31,71,11,0.8,44,161
2018-05-08,65,良,23,47,10,0.7,38,117
2018-05-09,43,优,27,40,6,0.7,34,84
2018-05-10,45,优,25,38,8,0.7,36,54
2018-05-11,48,优,24,37,6,0.9,38,63
2018-05-12,115,轻度污染,38,63,8,1,56,176
2018-05-13,123,轻度污染,37,76,11,1,66,185
2018-05-14,102,轻度污染,30,68,13,1,66,162
2018-05-15,139,轻度污染,34,75,13,1,64,202
2018-05-16,146,轻度污染,35,74,13,1,52,210
2018-05-17,56,良,25,51,9,0.8,41,107
2018-05-18,74,良,27,42,7,0.8,37,128
2018-05-19,73,良,29,46,8,0.9,39,127
2018-05-20,86,良,15,28,6,0.8,30,143
2018-05-21,97,良,22,44,9,0.9,31,156
2018-05-22,32,优,14,25,6,0.6,22,63
2018-05-23,49,优,18,45,10,0.7,30,97
2018-05-24,49,优,18,30,6,0.9,39,35
2018-05-25,65,良,35,58,8,1,45,118
2018-05-26,64,良,42,77,8,0.8,42,50
2018-05-27,57,良,28,64,7,0.7,36,74
2018-05-28,76,良,38,102,12,0.9,56,128
2018-05-29,89,良,46,108,12,1.1,71,43
2018-05-30,82,良,35,73,10,0.9,65,58
2018-05-31,59,良,36,57,7,0.9,47,73
2018-06-01,53,良,24,40,9,0.9,44,49
2018-06-02,60,良,34,58,9,1,50,111
2018-06-03,67,良,49,77,11,1,52,120
2018-06-04,66,良,35,58,8,0.7,38,119
2018-06-05,120,轻度污染,31,58,8,0.9,50,181
2018-06-06,171,中度污染,38,71,11,1,60,236
2018-06-07,195,中度污染,39,74,12,1,57,260
2018-06-08,56,良,34,64,10,0.9,46,82
2018-06-09,127,轻度污染,26,45,8,0.6,30,189
2018-06-10,153,中度污染,35,66,12,0.9,48,218
2018-06-11,68,良,38,66,11,1,58,94
2018-06-12,69,良,20,29,7,0.7,31,122
2018-06-13,74,良,36,54,8,1,44,128
2018-06-14,60,良,34,50,9,0.9,37,112
2018-06-15,60,良,29,47,9,0.9,48,66
2018-06-16,65,良,50,82,11,1,54,27
2018-06-17,45,优,30,46,6,0.9,34,89
2018-06-18,45,优,31,46,6,1,38,47
2018-06-19,51,良,35,53,6,1,42,96
2018-06-20,63,良,36,53,6,1.2,53,70
2018-06-21,39,优,17,28,6,1,33,37
2018-06-22,43,优,17,28,6,1,36,50
2018-06-23,70,良,22,40,8,1,39,124
2018-06-24,43,优,15,31,8,0.9,35,86
2018-06-25,39,优,12,27,7,0.6,26,78
2018-06-26,45,优,12,25,7,0.6,26,89
2018-06-27,75,良,14,28,8,0.6,26,129
2018-06-28,113,轻度污染,19,40,9,0.7,31,174
2018-06-29,102,轻度污染,30,64,10,1,40,162
2018-06-30,48,优,27,50,7,0.9,34,96
2018-07-01,81,良,24,43,7,0.9,29,137
2018-07-02,44,优,17,36,9,0.7,26,88
2018-07-03,35,优,17,31,6,0.9,29,56
2018-07-04,54,良,37,59,7,1.2,45,44
2018-07-05,51,良,35,56,6,1,39,70
2018-07-06,55,良,36,60,7,1,46,65
2018-07-07,44,优,25,41,6,1,37,86
2018-07-08,103,轻度污染,33,54,6,1,30,163
2018-07-09,81,良,22,36,6,0.9,28,137
2018-07-10,46,优,22,41,7,0.7,27,92
2018-07-11,59,良,18,35,7,0.5,25,110
2018-07-12,83,良,22,38,7,0.6,22,139
2018-07-13,130,轻度污染,31,55,9,0.7,31,192
2018-07-14,95,良,31,56,9,0.7,33,154
2018-07-15,45,优,18,34,7,0.5,25,89
2018-07-16,57,良,17,34,9,0.5,30,108
2018-07-17,85,良,26,52,11,0.7,38,141
2018-07-18,68,良,28,51,9,0.6,31,121
2018-07-19,70,良,22,43,8,0.5,28,124
2018-07-20,67,良,19,37,9,0.5,27,120
2018-07-21,112,轻度污染,25,48,9,0.6,32,173
2018-07-22,123,轻度污染,30,58,10,0.7,35,185
2018-07-23,101,轻度污染,33,58,8,0.7,36,161
2018-07-24,144,轻度污染,36,61,10,0.7,34,208
2018-07-25,140,轻度污染,40,70,11,0.9,36,203
2018-07-26,104,轻度污染,30,51,8,0.7,34,164
2018-07-27,89,良,22,39,9,0.6,25,146
2018-07-28,81,良,24,44,8,0.6,31,137
2018-07-29,75,良,20,38,8,0.5,23,130
2018-07-30,34,优,20,34,7,0.6,27,66
2018-07-31,70,良,19,30,6,0.6,31,124
2018-08-01,74,良,22,37,6,0.7,29,128
2018-08-02,54,良,18,30,6,0.6,24,104
2018-08-03,55,良,21,39,8,0.7,34,106
2018-08-04,115,轻度污染,23,38,6,0.6,27,176
2018-08-05,91,良,24,40,6,0.7,32,149
2018-08-06,106,轻度污染,31,53,9,0.9,41,166
2018-08-07,70,良,29,50,8,0.9,37,124
2018-08-08,62,良,21,39,8,0.7,34,114
2018-08-09,106,轻度污染,24,46,6,0.7,37,166
2018-08-10,132,轻度污染,23,44,10,0.6,32,195
2018-08-11,107,轻度污染,24,46,8,0.7,37,167
2018-08-12,105,轻度污染,30,58,8,0.9,48,165
2018-08-13,148,轻度污染,40,75,9,0.9,50,212
2018-08-14,124,轻度污染,45,82,9,1,46,186
2018-08-15,88,良,34,54,8,0.9,37,145
2018-08-16,101,轻度污染,33,57,8,0.9,34,161
2018-08-17,92,良,30,49,8,0.9,32,150
2018-08-18,108,轻度污染,29,49,7,0.9,35,168
2018-08-19,140,轻度污染,34,60,9,1,44,203
2018-08-20,127,轻度污染,35,66,9,0.9,51,189
2018-08-21,113,轻度污染,22,41,7,0.9,39,174
2018-08-22,45,优,28,42,6,0.7,30,89
2018-08-23,90,良,26,42,8,0.7,31,148
2018-08-24,108,轻度污染,25,44,11,0.9,37,168
2018-08-25,129,轻度污染,35,58,10,0.9,44,191
2018-08-26,152,中度污染,41,68,11,1,50,217
2018-08-27,145,轻度污染,43,75,10,1,51,209
2018-08-28,109,轻度污染,33,59,8,0.9,43,169
2018-08-29,149,轻度污染,47,83,11,1,49,213
2018-08-30,105,轻度污染,42,68,10,1,40,165
2018-08-31,84,良,25,43,9,0.6,34,140
2018-09-01,67,良,17,30,7,0.5,24,120
2018-09-02,70,良,15,29,7,0.6,25,124
2018-09-03,75,良,26,47,8,0.7,37,130
2018-09-04,110,轻度污染,33,53,8,0.7,31,171
2018-09-05,72,良,29,50,8,0.7,29,126
2018-09-06,30,优,24,34,5,0.5,22,53
2018-09-07,30,优,17,23,4,0.5,25,59
2018-09-08,43,优,25,39,8,0.6,31,85
2018-09-09,50,优,30,52,8,0.7,41,72
2018-09-10,42,优,30,40,6,0.7,31,60
2018-09-11,49,优,34,48,6,0.9,41,41
2018-09-12,43,优,26,35,5,0.9,36,37
2018-09-13,42,优,28,42,8,0.7,28,40
2018-09-14,45,优,25,38,6,0.9,39,30
2018-09-15,49,优,29,50,6,1,41,30
2018-09-16,40,优,25,41,5,0.7,32,26
2018-09-17,46,优,29,47,6,0.9,36,19
2018-09-18,50,优,28,46,6,1,42,36
2018-09-19,73,良,30,52,8,1,40,127
2018-09-20,39,优,25,40,6,0.9,28,39
2018-09-21,49,优,20,38,7,0.7,41,68
2018-09-22,59,良,29,54,8,1,52,23
2018-09-23,56,良,28,48,11,1,39,107
2018-09-24,39,优,18,28,6,0.7,31,33
2018-09-25,43,优,14,19,5,0.9,30,47
2018-09-26,35,优,17,26,5,0.9,31,49
2018-09-27,42,优,17,26,6,0.7,35,41
2018-09-28,50,优,17,27,5,0.9,42,30
2018-09-29,60,良,28,50,6,1,52,66
2018-09-30,64,良,44,74,9,1,55,30
2018-10-01,43,优,29,46,6,0.7,36,41
2018-10-02,39,优,22,33,6,0.6,33,40
2018-10-03,40,优,19,29,5,0.6,34,34
2018-10-04,44,优,27,44,7,0.6,38,35
2018-10-05,59,良,39,68,9,0.9,48,36
2018-10-06,57,良,42,62,7,0.9,46,26
2018-10-07,58,良,33,48,5,1,48,17
2018-10-08,45,优,31,45,6,0.9,39,39
2018-10-09,50,优,33,48,6,0.7,42,45
2018-10-10,57,良,34,57,8,0.9,48,87
2018-10-11,77,良,45,82,10,1,65,60
2018-10-12,80,良,59,101,12,1.2,64,33
2018-10-13,44,优,29,42,7,0.6,37,68
2018-10-14,52,良,28,45,7,0.7,41,43
2018-10-15,65,良,41,64,7,1,55,42
2018-10-16,70,良,50,79,13,1.4,58,11
2018-10-17,60,良,44,69,12,1.2,50,30
2018-10-18,58,良,29,46,8,0.9,49,37
2018-10-19,38,优,26,34,6,0.7,29,59
2018-10-20,40,优,20,30,6,0.9,32,43
2018-10-21,49,优,24,41,7,1,39,26
2018-10-22,57,良,33,55,8,1,45,18
2018-10-23,59,良,35,55,7,1,47,15
2018-10-24,53,良,35,56,9,1,39,15
2018-10-25,52,良,35,54,7,1,33,17
2018-10-26,62,良,44,73,10,1.2,43,12
2018-10-27,60,良,43,68,10,1,38,9
2018-10-28,64,良,46,72,8,1,40,14
2018-10-29,100,良,75,112,9,1.2,69,38
2018-10-30,104,轻度污染,78,119,13,1.2,51,49
2018-10-31,102,轻度污染,76,116,10,1.2,60,61
2018-11-01,97,良,72,108,13,1.2,59,74
2018-11-02,72,良,50,79,13,1,57,96
2018-11-03,73,良,38,67,12,0.7,58,109
2018-11-04,95,良,71,112,16,1,71,35
2018-11-05,63,良,45,60,6,0.7,39,29
2018-11-06,37,优,19,26,5,0.5,29,25
2018-11-07,38,优,18,26,5,0.6,30,21
2018-11-08,40,优,27,36,8,0.7,32,66
2018-11-09,68,良,37,59,11,1,54,18
2018-11-10,64,良,46,68,8,0.9,43,26
2018-11-11,72,良,52,78,11,1,46,26
2018-11-12,90,良,67,96,12,1,49,34
2018-11-13,62,良,44,62,12,1,41,14
2018-11-14,51,良,34,51,11,1,40,13
2018-11-15,56,良,39,61,10,1,40,14
2018-11-16,38,优,26,37,7,1,30,9
2018-11-17,30,优,16,22,6,0.7,24,9
2018-11-18,32,优,18,25,5,0.5,25,30
2018-11-19,48,优,32,47,8,0.7,38,12
2018-11-20,62,良,44,72,10,1,42,10
2018-11-21,70,良,51,71,9,1,40,15
2018-11-22,75,良,55,79,10,1.2,42,10
2018-11-23,62,良,44,66,10,1,39,40
2018-11-24,75,良,55,79,9,1,42,15
2018-11-25,80,良,59,87,10,1,49,39
2018-11-26,75,良,55,80,10,1,45,30
2018-11-27,88,良,65,94,7,1,52,35
2018-11-28,83,良,61,91,8,1,49,35
2018-11-29,95,良,71,103,9,1,48,11
2018-11-30,53,良,36,53,6,1,42,15
2018-12-01,59,良,42,67,8,1,47,26
2018-12-02,73,良,53,80,10,1.2,46,21
2018-12-03,62,良,44,74,8,1,39,33
2018-12-04,64,良,46,78,10,1,42,16
2018-12-05,45,优,24,40,9,1,36,18
2018-12-06,37,优,21,30,6,1,29,9
2018-12-07,32,优,19,28,5,0.7,25,25
2018-12-08,35,优,21,32,6,0.6,28,20
2018-12-09,33,优,17,27,7,0.7,26,24
2018-12-10,40,优,25,40,8,0.7,31,20
2018-12-11,63,良,45,69,10,0.9,37,9
2018-12-12,70,良,51,74,9,1,39,11
2018-12-13,68,良,49,77,11,1,48,10
2018-12-14,88,良,65,98,11,1,48,10
2018-12-15,98,良,73,103,9,1,45,10
2018-12-16,108,轻度污染,81,114,9,1,47,37
2018-12-17,115,轻度污染,87,119,10,1.2,60,37
2018-12-18,128,轻度污染,97,134,13,1.4,62,14
2018-12-19,170,中度污染,129,171,14,1.4,58,12
2018-12-20,133,轻度污染,101,130,11,1.2,55,31
2018-12-21,83,良,61,78,10,1.2,51,13
2018-12-22,92,良,68,90,9,1.2,42,10
2018-12-23,79,良,58,79,8,1.2,42,8
2018-12-24,58,良,41,56,11,1,42,16
2018-12-25,63,良,45,60,8,1,41,15
2018-12-26,59,良,42,56,7,1,36,8
2018-12-27,58,良,41,52,8,1,34,10
2018-12-28,40,优,26,34,7,0.7,32,19
2018-12-29,34,优,21,25,5,0.6,27,28
2018-12-30,52,良,36,49,6,0.9,32,17
2018-12-31,63,良,45,57,8,0.9,33,31
